Ticker,EventDate,Day0,Day1,Day2,Day3,Day4,Day5,Day6,Day7,Day8,Day9,Day10,Day11,Day12,Day13,Day14,Day15,Day16,Day17,Day18,Day19,Day20,Day21,Day22,Day23,Day24,Day25,Day26,Day27,Day28,Day29,Day30
XOM,2015-08-06,50.39077377319336,49.57773208618164,50.816680908203125,50.47146987915039,51.31820297241211,51.22703170776367,51.038108825683594,51.305152893066406,50.73851013183594,49.650794982910156,48.56958770751953,46.9803466796875,44.75931167602539,44.7528076171875,47.22133255004883,48.751949310302734,48.89524459838867,49.0059814453125,46.94778823852539,47.69681167602539,48.061561584472656,47.19529342651367,47.87266540527344,46.89565658569336,47.23435974121094,47.345088958740234,47.214820861816406,47.455806732177734,48.39374542236328,48.49794006347656,47.33857727050781
XOM,2015-08-26,47.22133255004883,48.751949310302734,48.89524459838867,49.0059814453125,46.94778823852539,47.69681167602539,48.061561584472656,47.19529342651367,47.87266540527344,46.89565658569336,47.23435974121094,47.345088958740234,47.214820861816406,47.455806732177734,48.39374542236328,48.49794006347656,47.33857727050781,47.80101013183594,47.37765884399414,47.09107208251953,47.37113952636719,47.69681167602539,47.286460876464844,47.527462005615234,48.42628860473633,48.23741149902344,49.422828674316406,50.028568267822266,50.73200225830078,51.585235595703125,52.12582015991211
XOM,2016-08-02,58.18986511230469,58.4907112121582,58.484031677246094,58.53749465942383,59.226104736328125,59.29965591430664,58.261314392089844,58.47032928466797,59.232234954833984,59.20524597167969,59.2794075012207,59.40752410888672,59.94691467285156,59.198516845703125,59.32660675048828,59.14454650878906,59.34684371948242,58.969268798828125,58.841163635253906,59.2254753112793,59.00971221923828,58.75350570678711,58.55121994018555,58.942291259765625,59.717681884765625,59.49517822265625,60.04132080078125,58.55121994018555,58.854644775390625,57.452213287353516,57.04093933105469
XOM,2016-09-21,56.1644172668457,56.32624053955078,56.26554489135742,56.00259017944336,56.123958587646484,58.591678619384766,58.295021057128906,58.84790802001953,58.69282531738281,58.153438568115234,58.65912628173828,58.68608856201172,58.48381042480469,59.63002014160156,59.158058166503906,58.74674987792969,58.36243438720703,58.34896469116211,58.34896469116211,58.504032135009766,58.77372741699219,58.800716400146484,58.40290069580078,58.598453521728516,58.47032928466797,58.71980667114258,58.60517120361328,57.162288665771484,56.17789840698242,56.40041732788086,56.26554489135742
XOM,2017-02-09,56.17766571044922,56.64443588256836,56.97392654418945,56.85036849975586,57.083763122558594,56.49342727661133,56.12275695800781,56.21198272705078,55.55300521850586,56.1364860534668,55.655975341796875,55.971744537353516,55.82072448730469,56.987648010253906,57.17985916137695,56.6032600402832,56.85723876953125,56.64443588256836,55.62164306640625,56.060977935791016,56.01979446411133,55.88935852050781,55.59418869018555,56.287498474121094,56.33555221557617,56.287498474121094,56.287498474121094,56.170806884765625,56.12275695800781,56.19139862060547,55.75893783569336
XOM,2017-08-22,53.689727783203125,53.5987663269043,53.40285873413086,53.67572021484375,53.50082778930664,53.4868049621582,53.241947174072266,53.40285873413086,53.5707893371582,53.997554779052734,55.116947174072266,55.2918701171875,55.14494705200195,55.445796966552734,55.62070083618164,55.80959701538086,56.03347396850586,56.01947784423828,56.03347396850586,56.124427795410156,56.35530471801758,55.893550872802734,55.91453170776367,56.65614700317383,56.59318542480469,56.97098159790039,57.502708435058594,57.35578918457031,57.110923767089844,57.20185852050781,57.222843170166016
XOM,2018-02-16,54.598045349121094,54.03451156616211,53.421043395996094,54.11296844482422,55.30422592163086,56.23867416381836,55.282814025878906,54.027381896972656,53.64216995239258,53.89183807373047,54.405433654785156,54.34123992919922,52.971641540527344,52.87178421020508,53.185646057128906,53.670719146728516,53.16423797607422,52.50086212158203,53.08577346801758,53.58512496948242,52.893192291259766,52.7790412902832,53.528045654296875,52.429500579833984,51.994388580322266,52.78617858886719,52.572181701660156,51.93731689453125,53.221317291259766,52.22978591918945,53.51377487182617
XOM,2018-02-22,54.11296844482422,55.30422592163086,56.23867416381836,55.282814025878906,54.027381896972656,53.64216995239258,53.89183807373047,54.405433654785156,54.34123992919922,52.971641540527344,52.87178421020508,53.185646057128906,53.670719146728516,53.16423797607422,52.50086212158203,53.08577346801758,53.58512496948242,52.893192291259766,52.7790412902832,53.528045654296875,52.429500579833984,51.994388580322266,52.78617858886719,52.572181701660156,51.93731689453125,53.221317291259766,52.22978591918945,53.51377487182617,53.406776428222656,54.22710037231445,53.406776428222656
XOM,2018-10-25,57.00883865356445,56.44100570678711,56.09157180786133,57.35098648071289,58.00618362426758,58.72689437866211,59.65869903564453,59.43303680419922,59.68782424926758,60.44493865966797,59.48400115966797,59.469295501708984,58.704505920410156,57.3587646484375,56.91020584106445,57.49851989746094,58.06473922729492,58.25593185424805,56.601348876953125,57.03522872924805,55.51299285888672,56.60871505737305,56.660186767578125,57.68971252441406,58.13825988769531,58.46184158325195,59.726680755615234,58.410362243652344,57.64557647705078,57.09404373168945,56.28515625
XOM,2018-10-30,57.35098648071289,58.00618362426758,58.72689437866211,59.65869903564453,59.43303680419922,59.68782424926758,60.44493865966797,59.48400115966797,59.469295501708984,58.704505920410156,57.3587646484375,56.91020584106445,57.49851989746094,58.06473922729492,58.25593185424805,56.601348876953125,57.03522872924805,55.51299285888672,56.60871505737305,56.660186767578125,57.68971252441406,58.13825988769531,58.46184158325195,59.726680755615234,58.410362243652344,57.64557647705078,57.09404373168945,56.28515625,56.388099670410156,55.90275192260742,56.60871505737305
XOM,2018-12-26,50.475738525390625,50.696346282958984,50.13010787963867,50.14481735229492,51.247867584228516,50.461021423339844,52.321510314941406,52.59358215332031,52.97597885131836,53.25542449951172,52.98332977294922,52.74067687988281,52.67449188232422,52.70389175415039,52.681827545166016,53.04217529296875,53.67457962036133,52.86567687988281,52.43181228637695,52.505348205566406,52.74067687988281,52.38768005371094,52.58624267578125,53.15983200073242,53.887840270996094,55.8292121887207,55.02031326293945,55.586544036865234,55.34387969970703,54.917354583740234,55.0065803527832
XOM,2019-05-24,55.72732925415039,54.606773376464844,54.268367767333984,54.12546157836914,53.22298049926758,54.05778121948242,55.34379196166992,54.88504409790039,55.88526153564453,56.08832550048828,56.33650588989258,56.28386306762695,55.67469787597656,56.163536071777344,55.91535949707031,56.47187423706055,56.960689544677734,56.64485168457031,57.6150016784668,58.427215576171875,57.870697021484375,57.359291076660156,57.60747146606445,57.020870208740234,57.63004684448242,57.577392578125,56.94567108154297,57.48715591430664,57.25401306152344,57.51723861694336,57.47962951660156
XOM,2019-06-03,54.05778121948242,55.34379196166992,54.88504409790039,55.88526153564453,56.08832550048828,56.33650588989258,56.28386306762695,55.67469787597656,56.163536071777344,55.91535949707031,56.47187423706055,56.960689544677734,56.64485168457031,57.6150016784668,58.427215576171875,57.870697021484375,57.359291076660156,57.60747146606445,57.020870208740234,57.63004684448242,57.577392578125,56.94567108154297,57.48715591430664,57.25401306152344,57.51723861694336,57.47962951660156,58.29183578491211,58.336978912353516,58.38209533691406,57.96847915649414,57.10361099243164
XOM,2019-08-08,54.43379592895508,53.275634765625,53.016754150390625,53.67155838012695,51.509178161621094,51.2046012878418,52.00408172607422,52.87969970703125,52.559913635253906,53.08528137207031,52.971065521240234,51.38734817504883,51.66144943237305,51.15892791748047,51.532012939453125,52.10306930541992,52.141136169433594,52.202056884765625,52.75787353515625,53.50404739379883,54.006587982177734,54.432979583740234,54.87457275390625,54.768001556396484,54.806060791015625,55.308589935302734,56.138526916503906,55.712135314941406,55.44564437866211,55.07255935668945,54.88220977783203
XOM,2019-08-16,52.00408172607422,52.87969970703125,52.559913635253906,53.08528137207031,52.971065521240234,51.38734817504883,51.66144943237305,51.15892791748047,51.532012939453125,52.10306930541992,52.141136169433594,52.202056884765625,52.75787353515625,53.50404739379883,54.006587982177734,54.432979583740234,54.87457275390625,54.768001556396484,54.806060791015625,55.308589935302734,56.138526916503906,55.712135314941406,55.44564437866211,55.07255935668945,54.88220977783203,54.9202766418457,54.166481018066406,54.326377868652344,54.03704833984375,54.42536544799805,53.762935638427734
XOM,2020-02-05,48.33906555175781,47.68406677246094,47.36812210083008,46.867862701416016,47.313411712646484,47.89183807373047,47.62607192993164,47.40720748901367,46.805335998535156,47.1649055480957,46.789695739746094,46.21909713745117,44.053924560546875,42.36555099487305,41.43538284301758,38.941917419433594,40.20819091796875,42.115421295166016,40.09876251220703,40.974205017089844,39.1685905456543,37.2769889831543,32.719970703125,33.931522369384766,32.813758850097656,29.061826705932617,29.796585083007812,26.95918846130371,28.772621154785156,25.88831901550293,26.912282943725586
XOM,2020-03-02,42.115421295166016,40.09876251220703,40.974205017089844,39.1685905456543,37.2769889831543,32.719970703125,33.931522369384766,32.813758850097656,29.061826705932617,29.796585083007812,26.95918846130371,28.772621154785156,25.88831901550293,26.912282943725586,25.591297149658203,24.582962036132812,27.70175552368164,29.147809982299805,30.343740463256836,28.882047653198242,29.31195831298828,29.67933464050293,29.33540916442871,31.578746795654297,30.648576736450195,31.633466720581055,32.2353401184082,34.27545166015625,33.71266174316406,33.42344665527344,33.165504455566406
XOM,2020-03-04,40.974205017089844,39.1685905456543,37.2769889831543,32.719970703125,33.931522369384766,32.813758850097656,29.061826705932617,29.796585083007812,26.95918846130371,28.772621154785156,25.88831901550293,26.912282943725586,25.591297149658203,24.582962036132812,27.70175552368164,29.147809982299805,30.343740463256836,28.882047653198242,29.31195831298828,29.67933464050293,29.33540916442871,31.578746795654297,30.648576736450195,31.633466720581055,32.2353401184082,34.27545166015625,33.71266174316406,33.42344665527344,33.165504455566406,31.641279220581055,30.601686477661133
XOM,2020-03-24,27.70175552368164,29.147809982299805,30.343740463256836,28.882047653198242,29.31195831298828,29.67933464050293,29.33540916442871,31.578746795654297,30.648576736450195,31.633466720581055,32.2353401184082,34.27545166015625,33.71266174316406,33.42344665527344,33.165504455566406,31.641279220581055,30.601686477661133,33.78300857543945,32.188446044921875,32.0164680480957,32.93101119995117,33.96279525756836,34.1816520690918,34.34579849243164,35.15090560913086,37.09721374511719,36.32337951660156,33.72047805786133,35.08055877685547,35.041473388671875,34.3848876953125
XOM,2020-09-16,30.721656799316406,30.71354103088379,30.2178897857666,29.600366592407227,28.869094848632812,27.94281578063965,27.885934829711914,28.145944595336914,28.690340042114258,27.853435516357422,27.894060134887695,26.91903305053711,26.797147750854492,27.414670944213867,27.130287170410156,27.219661712646484,28.64971160888672,28.22719955444336,28.137821197509766,27.804691314697266,27.7478084564209,27.991565704345703,27.707178115844727,27.154661178588867,27.382169723510742,26.94340705871582,28.324703216552734,27.755935668945312,27.0977840423584,26.667144775390625,25.651487350463867
XOM,2020-09-28,28.690340042114258,27.853435516357422,27.894060134887695,26.91903305053711,26.797147750854492,27.414670944213867,27.130287170410156,27.219661712646484,28.64971160888672,28.22719955444336,28.137821197509766,27.804691314697266,27.7478084564209,27.991565704345703,27.707178115844727,27.154661178588867,27.382169723510742,26.94340705871582,28.324703216552734,27.755935668945312,27.0977840423584,26.667144775390625,25.651487350463867,26.78902816772461,26.504638671875,27.617807388305664,27.146533966064453,27.00028419494629,26.9515323638916,26.634641647338867,30.00662612915039
XOM,2020-09-30,27.894060134887695,26.91903305053711,26.797147750854492,27.414670944213867,27.130287170410156,27.219661712646484,28.64971160888672,28.22719955444336,28.137821197509766,27.804691314697266,27.7478084564209,27.991565704345703,27.707178115844727,27.154661178588867,27.382169723510742,26.94340705871582,28.324703216552734,27.755935668945312,27.0977840423584,26.667144775390625,25.651487350463867,26.78902816772461,26.504638671875,27.617807388305664,27.146533966064453,27.00028419494629,26.9515323638916,26.634641647338867,30.00662612915039,30.67233657836914,30.356124877929688
XOM,2020-10-05,27.414670944213867,27.130287170410156,27.219661712646484,28.64971160888672,28.22719955444336,28.137821197509766,27.804691314697266,27.7478084564209,27.991565704345703,27.707178115844727,27.154661178588867,27.382169723510742,26.94340705871582,28.324703216552734,27.755935668945312,27.0977840423584,26.667144775390625,25.651487350463867,26.78902816772461,26.504638671875,27.617807388305664,27.146533966064453,27.00028419494629,26.9515323638916,26.634641647338867,30.00662612915039,30.67233657836914,30.356124877929688,29.31596565246582,30.02327537536621,31.75411033630371
XOM,2021-07-20,48.04671859741211,49.592185974121094,49.03410339355469,48.9739990234375,50.21037292480469,49.65229034423828,49.98714065551758,50.59673309326172,49.42905807495117,49.43764114379883,49.969970703125,48.80228042602539,49.11137390136719,49.678043365478516,49.11137390136719,49.95280456542969,50.0987548828125,49.985450744628906,49.47993087768555,48.75651931762695,48.42531204223633,47.405555725097656,45.95872497558594,45.96744155883789,47.85877990722656,48.250999450683594,48.33815002441406,47.6844596862793,48.608341217041016,48.076683044433594,47.51886749267578
XOM,2021-08-23,47.85877990722656,48.250999450683594,48.33815002441406,47.6844596862793,48.608341217041016,48.076683044433594,47.51886749267578,46.86516571044922,48.00695037841797,47.82390594482422,47.54500961303711,47.109222412109375,47.144073486328125,47.04819869995117,48.259708404541016,47.5711555480957,49.17487335205078,48.65192794799805,48.076683044433594,46.79544448852539,46.75186538696289,48.1202507019043,49.7501220703125,50.19462966918945,51.68503952026367,52.22542953491211,52.19056701660156,51.266685485839844,53.10573196411133,53.794288635253906,53.707115173339844
XOM,2022-09-27,78.10965728759766,80.95201110839844,80.78802490234375,79.5399398803711,83.73967742919922,86.79154968261719,90.29891967773438,92.9772720336914,92.0389404296875,90.04383850097656,89.27860260009766,89.67031860351562,92.80419158935547,90.3626937866211,91.6654281616211,91.82942199707031,94.5533218383789,94.68086242675781,96.43911743164062,97.11325073242188,96.45731353759766,97.6052017211914,97.97871398925781,100.84837341308594,100.9485855102539,101.95069122314453,99.85538482666016,101.21278381347656,102.31510162353516,103.52671813964844,103.85469055175781
XOM,2023-03-20,94.80789184570312,99.05551147460938,96.78826141357422,95.69629669189453,95.80732727050781,97.90799713134766,99.12953186035156,100.832275390625,101.32275390625,101.48007202148438,107.46745300292969,106.44023895263672,108.26329040527344,106.468017578125,105.99604797363281,106.74561309814453,106.63459014892578,107.13430786132812,107.39342498779297,106.14411926269531,108.21702575683594,107.8746337890625,107.01399993896484,107.35639190673828,109.38304138183594,107.8283462524414,106.83817291259766,108.11524200439453,109.51258850097656,106.11634826660156,101.88724517822266
XOM,2023-12-08,94.54203796386719,94.60851287841797,93.11749267578125,93.9437255859375,96.46991729736328,95.82412719726562,96.5363998413086,97.8089828491211,96.17550659179688,96.61236572265625,96.78330993652344,97.00174713134766,96.5458755493164,95.14984130859375,94.95040893554688,97.21066284179688,98.02740478515625,97.17268371582031,97.46707916259766,95.84310150146484,94.65599822998047,93.72530364990234,93.70630645751953,94.92190551757812,92.77560424804688,92.10132598876953,91.93038177490234,92.07283020019531,91.94935607910156,92.98453521728516,94.58951568603516
XOM,2024-12-31,105.64335632324219,105.38800811767578,105.92816162109375,105.81031036376953,106.80221557617188,105.01481628417969,104.63180541992188,107.33255004882812,107.75484466552734,109.51278686523438,109.32618713378906,110.30827331542969,109.47350311279297,107.56824493408203,108.1771469116211,106.71383666992188,108.19678497314453,106.10493469238281,106.72364807128906,107.60753631591797,104.91661071777344,105.17194366455078,107.99054718017578,107.91197967529297,106.48794555664062,106.93971252441406,108.98246002197266,109.669921875,106.37030792236328,107.1431884765625,107.25218963623047
XOM,2025-04-09,104.83445739746094,99.01802825927734,102.19873046875,102.44644927978516,102.15909576416016,103.23915100097656,105.94422912597656,104.38855743408203,107.3116455078125,106.39012908935547,107.63862609863281,107.57917785644531,107.63862609863281,107.37109375,104.66600799560547,104.81463623046875,105.24071502685547,102.32754516601562,103.75440216064453,103.65531921386719,105.10198974609375,106.33067321777344,108.1637954711914,108.46105194091797,107.48999786376953,108.58000183105469,108.19000244140625,106.47000122070312,104.94999694824219,103.66000366210938,102.97000122070312
MO,2015-08-26,27.666170120239258,27.9261417388916,28.165313720703125,27.858549118041992,27.05263328552246,27.62457275390625,27.863754272460938,27.2346248626709,27.81175994873047,27.567378997802734,27.697362899780273,27.636932373046875,27.563350677490234,28.435726165771484,29.09261131286621,28.740520477294922,28.404186248779297,28.793071746826172,28.483016967773438,28.588119506835938,28.698476791381836,28.793071746826172,28.708986282348633,28.498781204223633,28.588119506835938,28.493518829345703,28.82985496520996,29.287057876586914,29.118894577026367,29.376392364501953,29.623395919799805
MO,2016-09-12,34.93183898925781,34.65373611450195,34.41925811767578,34.49014663696289,34.24477005004883,34.201133728027344,34.33745574951172,34.6264762878418,34.96455383300781,34.82823181152344,34.370174407958984,34.528316497802734,34.77370071411133,34.255680084228516,34.479248046875,34.27202224731445,33.688560485839844,33.38319778442383,33.688560485839844,33.76490020751953,33.67219924926758,33.803070068359375,34.10298156738281,34.184776306152344,34.048465728759766,34.043006896972656,34.16842269897461,33.75944519042969,33.726722717285156,34.735530853271484,35.41716384887695
MO,2017-04-03,39.726051330566406,39.909095764160156,39.89800262451172,39.615116119384766,39.77595901489258,39.803707122802734,39.9812126159668,40.025577545166016,39.548553466796875,40.10877990722656,40.12541580200195,39.997840881347656,39.609580993652344,39.64284896850586,40.241905212402344,40.17534255981445,39.665042877197266,39.67612838745117,39.81481170654297,39.271217346191406,39.28786087036133,38.94951248168945,38.99942398071289,39.33776092529297,39.22129440307617,38.98833465576172,38.99942398071289,39.09371566772461,39.188011169433594,39.19911193847656,39.35441589355469
MO,2017-07-27,41.35859298706055,37.4329948425293,36.33136749267578,36.62774658203125,36.655704498291016,36.650115966796875,36.63893508911133,36.90176010131836,36.56064224243164,36.52149200439453,36.21952438354492,35.96229934692383,36.25867462158203,36.515907287597656,36.599788665771484,35.95669937133789,35.615596771240234,36.00703048706055,35.82249450683594,35.626773834228516,35.56525421142578,35.83367919921875,35.749794006347656,35.68269729614258,35.81690979003906,35.45341873168945,35.53171157836914,35.157039642333984,35.38072204589844,35.07876205444336,34.799156188964844
MO,2017-08-15,36.515907287597656,36.599788665771484,35.95669937133789,35.615596771240234,36.00703048706055,35.82249450683594,35.626773834228516,35.56525421142578,35.83367919921875,35.749794006347656,35.68269729614258,35.81690979003906,35.45341873168945,35.53171157836914,35.157039642333984,35.38072204589844,35.07876205444336,34.799156188964844,34.944549560546875,34.950138092041016,34.955726623535156,35.19874954223633,35.26092529296875,35.35700225830078,35.17049789428711,34.59967803955078,34.757930755615234,35.317440032958984,36.05216598510742,36.46472930908203,36.402565002441406
MO,2017-08-21,36.00703048706055,35.82249450683594,35.626773834228516,35.56525421142578,35.83367919921875,35.749794006347656,35.68269729614258,35.81690979003906,35.45341873168945,35.53171157836914,35.157039642333984,35.38072204589844,35.07876205444336,34.799156188964844,34.944549560546875,34.950138092041016,34.955726623535156,35.19874954223633,35.26092529296875,35.35700225830078,35.17049789428711,34.59967803955078,34.757930755615234,35.317440032958984,36.05216598510742,36.46472930908203,36.402565002441406,36.27823257446289,35.843048095703125,35.549163818359375,35.814788818359375
MO,2017-08-25,35.83367919921875,35.749794006347656,35.68269729614258,35.81690979003906,35.45341873168945,35.53171157836914,35.157039642333984,35.38072204589844,35.07876205444336,34.799156188964844,34.944549560546875,34.950138092041016,34.955726623535156,35.19874954223633,35.26092529296875,35.35700225830078,35.17049789428711,34.59967803955078,34.757930755615234,35.317440032958984,36.05216598510742,36.46472930908203,36.402565002441406,36.27823257446289,35.843048095703125,35.549163818359375,35.814788818359375,35.88261795043945,36.06346893310547,35.351348876953125,35.92782974243164
MO,2017-09-06,35.38072204589844,35.07876205444336,34.799156188964844,34.944549560546875,34.950138092041016,34.955726623535156,35.19874954223633,35.26092529296875,35.35700225830078,35.17049789428711,34.59967803955078,34.757930755615234,35.317440032958984,36.05216598510742,36.46472930908203,36.402565002441406,36.27823257446289,35.843048095703125,35.549163818359375,35.814788818359375,35.88261795043945,36.06346893310547,35.351348876953125,35.92782974243164,36.74166488647461,36.66254425048828,36.93383026123047,36.76427459716797,36.945125579833984,36.66254425048828,36.628631591796875
MO,2017-09-11,34.944549560546875,34.950138092041016,34.955726623535156,35.19874954223633,35.26092529296875,35.35700225830078,35.17049789428711,34.59967803955078,34.757930755615234,35.317440032958984,36.05216598510742,36.46472930908203,36.402565002441406,36.27823257446289,35.843048095703125,35.549163818359375,35.814788818359375,35.88261795043945,36.06346893310547,35.351348876953125,35.92782974243164,36.74166488647461,36.66254425048828,36.93383026123047,36.76427459716797,36.945125579833984,36.66254425048828,36.628631591796875,36.37996292114258,36.736019134521484,36.453433990478516
MO,2018-02-12,37.26665496826172,37.43202590942383,37.169708251953125,37.249549865722656,37.329376220703125,36.60515213012695,36.456871032714844,36.120426177978516,36.833248138427734,37.3122673034668,36.49680709838867,35.89802551269531,35.601497650146484,35.6699104309082,36.57091522216797,36.93589401245117,36.53671646118164,37.3122673034668,37.4377326965332,37.506168365478516,37.71145248413086,36.783504486083984,36.77775192260742,36.42039489746094,36.01119613647461,35.45787811279297,34.5817985534668,34.80658721923828,34.16105270385742,34.351253509521484,34.99678421020508
MO,2018-02-23,36.833248138427734,37.3122673034668,36.49680709838867,35.89802551269531,35.601497650146484,35.6699104309082,36.57091522216797,36.93589401245117,36.53671646118164,37.3122673034668,37.4377326965332,37.506168365478516,37.71145248413086,36.783504486083984,36.77775192260742,36.42039489746094,36.01119613647461,35.45787811279297,34.5817985534668,34.80658721923828,34.16105270385742,34.351253509521484,34.99678421020508,35.993892669677734,35.91896438598633,34.87574768066406,36.11492919921875,36.51262283325195,37.1984977722168,36.80079650878906,36.454986572265625
MO,2018-03-26,34.351253509521484,34.99678421020508,35.993892669677734,35.91896438598633,34.87574768066406,36.11492919921875,36.51262283325195,37.1984977722168,36.80079650878906,36.454986572265625,37.01405715942383,36.79503631591797,36.541439056396484,36.85844039916992,37.031349182128906,36.875728607177734,35.44635772705078,33.30227279663086,32.98526382446289,32.60487365722656,31.872894287109375,32.18413543701172,31.567420959472656,32.351280212402344,32.339752197265625,32.293636322021484,32.09767532348633,32.483848571777344,32.42620849609375,32.10920333862305,31.855607986450195
MO,2018-04-27,32.351280212402344,32.339752197265625,32.293636322021484,32.09767532348633,32.483848571777344,32.42620849609375,32.10920333862305,31.855607986450195,32.230247497558594,32.299407958984375,31.80949592590332,31.711511611938477,31.423336029052734,31.625059127807617,31.867128372192383,32.01123046875,32.06884765625,31.821025848388672,32.207183837890625,32.212947845458984,32.06309127807617,32.120731353759766,32.61639404296875,32.12649917602539,32.11497497558594,32.28788375854492,32.466552734375,32.45502471923828,32.674041748046875,33.261932373046875,33.57316970825195
MO,2018-11-28,32.47150802612305,33.05652618408203,32.40059280395508,32.93242645263672,32.14650344848633,32.14650344848633,32.0164909362793,31.531932830810547,31.88057518005371,31.514204025268555,31.862838745117188,31.15964126586914,30.935096740722656,30.07233428955078,30.37371063232422,29.80640983581543,29.0086727142334,28.570146560668945,29.092771530151367,29.25496482849121,29.369096755981445,29.669458389282227,29.62140655517578,29.459205627441406,30.216108322143555,29.303014755249023,29.471221923828125,29.831649780273438,29.3510799407959,29.375110626220703,28.99064064025879
MO,2018-12-19,30.37371063232422,29.80640983581543,29.0086727142334,28.570146560668945,29.092771530151367,29.25496482849121,29.369096755981445,29.669458389282227,29.62140655517578,29.459205627441406,30.216108322143555,29.303014755249023,29.471221923828125,29.831649780273438,29.3510799407959,29.375110626220703,28.99064064025879,28.780391693115234,28.353883743286133,28.269777297973633,29.020679473876953,27.0142822265625,26.852087020874023,26.02910614013672,26.57575798034668,27.212520599365234,27.578954696655273,28.714313507080078,29.645431518554688,29.55531883239746,29.50125503540039
MO,2018-12-27,29.25496482849121,29.369096755981445,29.669458389282227,29.62140655517578,29.459205627441406,30.216108322143555,29.303014755249023,29.471221923828125,29.831649780273438,29.3510799407959,29.375110626220703,28.99064064025879,28.780391693115234,28.353883743286133,28.269777297973633,29.020679473876953,27.0142822265625,26.852087020874023,26.02910614013672,26.57575798034668,27.212520599365234,27.578954696655273,28.714313507080078,29.645431518554688,29.55531883239746,29.50125503540039,29.459205627441406,29.597366333007812,29.26697540283203,29.33905792236328,29.369096755981445
MO,2019-01-25,26.57575798034668,27.212520599365234,27.578954696655273,28.714313507080078,29.645431518554688,29.55531883239746,29.50125503540039,29.459205627441406,29.597366333007812,29.26697540283203,29.33905792236328,29.369096755981445,29.831649780273438,29.435169219970703,29.519275665283203,29.27899932861328,29.42917251586914,30.34225845336914,30.25815773010254,30.936969757080078,31.141210556030273,31.297399520874023,31.42955780029297,31.483627319335938,31.687868118286133,31.5136661529541,31.765966415405273,32.841243743896484,32.88330078125,33.261749267578125,33.646202087402344
MO,2019-09-20,25.74271011352539,25.786869049072266,25.692258834838867,25.585023880004883,25.648094177246094,25.313777923583984,25.799488067626953,25.9634952545166,25.364238739013672,25.74271011352539,26.2725887298584,26.600597381591797,26.493362426757812,26.783527374267578,27.111541748046875,26.852916717529297,26.947534561157227,27.395404815673828,27.445863723754883,27.93156623840332,27.963115692138672,28.738994598388672,29.231002807617188,29.489646911621094,29.622102737426758,29.52117156982422,29.010236740112305,29.256240844726562,28.99131202697754,28.25328254699707,28.4235897064209
MO,2019-09-30,25.799488067626953,25.9634952545166,25.364238739013672,25.74271011352539,26.2725887298584,26.600597381591797,26.493362426757812,26.783527374267578,27.111541748046875,26.852916717529297,26.947534561157227,27.395404815673828,27.445863723754883,27.93156623840332,27.963115692138672,28.738994598388672,29.231002807617188,29.489646911621094,29.622102737426758,29.52117156982422,29.010236740112305,29.256240844726562,28.99131202697754,28.25328254699707,28.4235897064209,28.76421356201172,29.17423439025879,28.959774017333984,29.003917694091797,29.27516746520996,29.27516746520996
MO,2020-02-06,29.920412063598633,29.63826560974121,29.62544059753418,29.221452713012695,29.112449645996094,29.272754669189453,28.964962005615234,28.997020721435547,28.945720672607422,29.215049743652344,29.426654815673828,28.086454391479492,27.246431350708008,27.00916862487793,25.842098236083984,25.886991500854492,26.977102279663086,26.868093490600586,28.169816970825195,27.676061630249023,27.028406143188477,25.86775779724121,27.028406143188477,25.95753288269043,23.354080200195312,25.694622039794922,24.50832176208496,25.55354881286621,24.57244873046875,23.790128707885742,21.981821060180664
MO,2020-02-20,29.215049743652344,29.426654815673828,28.086454391479492,27.246431350708008,27.00916862487793,25.842098236083984,25.886991500854492,26.977102279663086,26.868093490600586,28.169816970825195,27.676061630249023,27.028406143188477,25.86775779724121,27.028406143188477,25.95753288269043,23.354080200195312,25.694622039794922,24.50832176208496,25.55354881286621,24.57244873046875,23.790128707885742,21.981821060180664,20.122215270996094,21.334558486938477,22.64572525024414,24.141389846801758,24.141389846801758,24.58283233642578,25.47891616821289,24.780502319335938,23.864654541015625
MO,2020-03-02,26.977102279663086,26.868093490600586,28.169816970825195,27.676061630249023,27.028406143188477,25.86775779724121,27.028406143188477,25.95753288269043,23.354080200195312,25.694622039794922,24.50832176208496,25.55354881286621,24.57244873046875,23.790128707885742,21.981821060180664,20.122215270996094,21.334558486938477,22.64572525024414,24.141389846801758,24.141389846801758,24.58283233642578,25.47891616821289,24.780502319335938,23.864654541015625,24.648719787597656,24.563072204589844,25.353723526000977,26.440881729125977,26.95479965209961,26.645130157470703,27.752050399780273
MO,2020-03-13,25.694622039794922,24.50832176208496,25.55354881286621,24.57244873046875,23.790128707885742,21.981821060180664,20.122215270996094,21.334558486938477,22.64572525024414,24.141389846801758,24.141389846801758,24.58283233642578,25.47891616821289,24.780502319335938,23.864654541015625,24.648719787597656,24.563072204589844,25.353723526000977,26.440881729125977,26.95479965209961,26.645130157470703,27.752050399780273,26.95479965209961,26.618778228759766,26.91527557373047,25.742462158203125,24.879335403442383,24.91227912902832,25.33395767211914,25.97307014465332,26.190505981445312
MO,2020-03-24,21.334558486938477,22.64572525024414,24.141389846801758,24.141389846801758,24.58283233642578,25.47891616821289,24.780502319335938,23.864654541015625,24.648719787597656,24.563072204589844,25.353723526000977,26.440881729125977,26.95479965209961,26.645130157470703,27.752050399780273,26.95479965209961,26.618778228759766,26.91527557373047,25.742462158203125,24.879335403442383,24.91227912902832,25.33395767211914,25.97307014465332,26.190505981445312,26.823026657104492,26.664901733398438,25.86106300354004,24.97816276550293,25.044048309326172,24.246809005737305,23.54180908203125
MO,2020-09-28,26.75185203552246,26.34662437438965,26.5389347076416,26.73125457763672,26.765592575073242,27.129606246948242,27.198286056518555,27.837038040161133,27.734018325805664,27.94692611694336,27.782093048095703,27.047183990478516,27.163949966430664,27.266979217529297,27.15020751953125,26.909826278686523,26.58014678955078,26.44964599609375,26.77932357788086,26.841140747070312,26.490859985351562,25.529300689697266,25.220230102539062,25.323257446289062,24.78066635131836,25.055391311645508,25.68040657043457,26.154315948486328,25.625459671020508,25.59798240661621,26.21612548828125
MO,2020-10-29,25.323257446289062,24.78066635131836,25.055391311645508,25.68040657043457,26.154315948486328,25.625459671020508,25.59798240661621,26.21612548828125,27.191423416137695,27.30817413330078,27.129606246948242,27.69967269897461,28.48952293395996,28.290340423583984,27.58977699279785,27.51422691345215,27.431814193725586,27.61037826538086,28.159847259521484,27.734018325805664,27.727142333984375,27.35625648498535,27.809558868408203,27.486753463745117,27.76148796081543,28.413970947265625,28.633750915527344,29.004634857177734,29.519760131835938,29.4991512298584,29.53349494934082
MO,2020-11-02,25.055391311645508,25.68040657043457,26.154315948486328,25.625459671020508,25.59798240661621,26.21612548828125,27.191423416137695,27.30817413330078,27.129606246948242,27.69967269897461,28.48952293395996,28.290340423583984,27.58977699279785,27.51422691345215,27.431814193725586,27.61037826538086,28.159847259521484,27.734018325805664,27.727142333984375,27.35625648498535,27.809558868408203,27.486753463745117,27.76148796081543,28.413970947265625,28.633750915527344,29.004634857177734,29.519760131835938,29.4991512298584,29.53349494934082,29.464815139770508,28.97029685974121
MO,2021-11-03,33.218414306640625,32.95981979370117,33.3957405090332,33.299686431884766,33.09281539916992,33.063262939453125,33.17408752441406,33.18885803222656,33.3957405090332,32.841609954833984,32.81944274902344,32.516510009765625,32.06582260131836,32.501731872558594,32.68644714355469,32.5682258605957,32.3170280456543,32.12492370605469,31.50429916381836,31.762895584106445,31.92543601989746,32.45001983642578,32.82682800292969,32.871158599853516,32.8933219909668,32.945045471191406,33.31446075439453,33.513946533203125,33.54350662231445,33.95726013183594,34.984249114990234
MO,2021-12-01,31.762895584106445,31.92543601989746,32.45001983642578,32.82682800292969,32.871158599853516,32.8933219909668,32.945045471191406,33.31446075439453,33.513946533203125,33.54350662231445,33.95726013183594,34.984249114990234,35.64921188354492,35.54576873779297,35.29456329345703,35.302093505859375,35.16654968261719,35.234317779541016,35.67860412597656,35.693668365478516,35.58071517944336,35.68614196777344,36.12289810180664,36.92111587524414,36.6274299621582,37.0566520690918,37.478355407714844,38.058189392089844,37.259979248046875,37.26750946044922,37.8849983215332
MO,2022-06-10,37.48727798461914,36.12383270263672,36.14725112915039,35.66310501098633,35.4366569519043,35.381988525390625,35.68653106689453,32.40680694580078,33.19550704956055,33.890499114990234,33.726505279541016,33.726505279541016,32.609840393066406,32.61764907836914,32.992469787597656,32.5786018371582,32.14130783081055,32.64889144897461,32.422428131103516,32.75820541381836,33.03932571411133,32.766021728515625,32.508331298828125,32.78944778442383,33.00809097290039,33.546905517578125,33.04713821411133,33.398536682128906,33.64841842651367,34.226280212402344,34.46834945678711
MO,2022-06-24,33.890499114990234,33.726505279541016,33.726505279541016,32.609840393066406,32.61764907836914,32.992469787597656,32.5786018371582,32.14130783081055,32.64889144897461,32.422428131103516,32.75820541381836,33.03932571411133,32.766021728515625,32.508331298828125,32.78944778442383,33.00809097290039,33.546905517578125,33.04713821411133,33.398536682128906,33.64841842651367,34.226280212402344,34.46834945678711,34.41368865966797,34.35902404785156,34.24970245361328,34.3980712890625,34.226280212402344,34.53862380981445,34.55424118041992,34.43711853027344,34.530818939208984
MO,2022-07-07,32.64889144897461,32.422428131103516,32.75820541381836,33.03932571411133,32.766021728515625,32.508331298828125,32.78944778442383,33.00809097290039,33.546905517578125,33.04713821411133,33.398536682128906,33.64841842651367,34.226280212402344,34.46834945678711,34.41368865966797,34.35902404785156,34.24970245361328,34.3980712890625,34.226280212402344,34.53862380981445,34.55424118041992,34.43711853027344,34.530818939208984,34.530818939208984,34.93688201904297,35.24142837524414,35.25704574584961,35.35856628417969,35.717769622802734,35.491310119628906,35.61626052856445
MO,2023-08-23,36.6357536315918,36.8736457824707,37.10304260253906,37.357933044433594,37.570335388183594,37.825218200683594,37.570335388183594,37.47688293457031,37.45988845825195,36.984092712402344,37.14552307128906,37.451393127441406,37.77424240112305,38.122596740722656,38.02063751220703,38.30729293823242,37.812164306640625,37.65581130981445,37.403900146484375,37.38652420043945,37.27360153198242,36.7697868347168,36.56131362915039,36.39626693725586,36.40496063232422,36.6047477722168,36.52656555175781,36.11830520629883,35.727413177490234,36.17911148071289,36.474449157714844
MO,2023-10-04,36.17911148071289,36.474449157714844,36.54393768310547,37.0911865234375,36.90877151489258,36.969581604003906,36.691612243652344,37.05644226074219,37.238853454589844,37.51682662963867,37.45601272583008,37.01301193237305,37.09987258911133,36.5960578918457,36.952205657958984,37.19542694091797,34.1030387878418,34.13779067993164,34.96300506591797,34.89350891113281,34.65898132324219,35.32783889770508,35.32783889770508,35.21491622924805,35.1888542175293,34.919578552246094,34.841392517089844,34.763214111328125,34.7458381652832,34.93694305419922,35.39732360839844
MO,2023-10-30,34.96300506591797,34.89350891113281,34.65898132324219,35.32783889770508,35.32783889770508,35.21491622924805,35.1888542175293,34.919578552246094,34.841392517089844,34.763214111328125,34.7458381652832,34.93694305419922,35.39732360839844,35.35389709472656,35.458133697509766,35.47550964355469,35.406009674072266,35.7795295715332,36.02275085449219,35.9966926574707,36.32677459716797,36.274662017822266,36.51788330078125,37.00432205200195,36.917457580566406,36.97826385498047,35.92720413208008,35.892459869384766,35.875083923339844,35.95326232910156,35.92720413208008
T,2015-08-26,12.018112182617188,12.293848037719727,12.238697052001953,12.205612182617188,11.882089614868164,12.065909385681152,12.146790504455566,11.970321655273438,12.183554649353027,12.051201820373535,12.040173530578613,12.029145240783691,11.966643333435059,12.080615997314453,12.110026359558105,12.051201820373535,11.966643333435059,11.970321655273438,11.8637113571167,11.837972640991211,11.804884910583496,11.885767936706543,11.727680206298828,11.790183067321777,11.97767448425293,11.9592924118042,11.999733924865723,12.290172576904297,12.246048927307129,12.407999038696289,12.512898445129395
T,2016-08-25,16.16977882385254,16.016231536865234,16.142215728759766,16.09891128540039,16.0949764251709,16.126476287841797,16.122535705566406,16.232772827148438,16.248519897460938,16.217025756835938,15.634329795837402,16.028043746948242,15.736695289611816,15.705198287963867,15.925676345825195,15.82724666595459,15.772130966186523,15.732755661010742,15.972920417785645,16.185518264770508,16.25245475769043,16.197338104248047,16.323331832885742,16.083160400390625,16.035917282104492,15.988668441772461,16.051666259765625,15.709136962890625,15.667330741882324,15.647330284118652,15.55130672454834
T,2016-09-12,16.028043746948242,15.736695289611816,15.705198287963867,15.925676345825195,15.82724666595459,15.772130966186523,15.732755661010742,15.972920417785645,16.185518264770508,16.25245475769043,16.197338104248047,16.323331832885742,16.083160400390625,16.035917282104492,15.988668441772461,16.051666259765625,15.709136962890625,15.667330741882324,15.647330284118652,15.55130672454834,15.607319831848145,15.643330574035645,15.735342025756836,15.751347541809082,15.691339492797852,15.711339950561523,15.747352600097656,15.755350112915039,15.463288307189941,14.99919319152832,14.747138023376465
T,2016-11-07,14.727131843566895,14.799152374267578,14.979186058044434,14.631109237670898,14.607112884521484,14.45507526397705,14.711128234863281,14.86316204071045,14.967182159423828,15.027195930480957,15.099212646484375,15.423279762268066,15.495299339294434,15.687336921691895,15.819366455078125,15.795365333557129,15.45528793334961,15.555306434631348,15.447286605834961,15.45528793334961,15.743345260620117,16.183441162109375,16.167434692382812,16.155433654785156,16.451499938964844,16.54751968383789,16.443498611450195,16.603538513183594,16.67154312133789,16.851581573486328,16.991615295410156
T,2017-05-05,15.914302825927734,15.918427467346191,15.77397346496582,15.868902206420898,15.864778518676758,15.88541030883789,15.926679611206055,15.76159381866455,15.460312843322754,15.662541389465332,15.78222942352295,15.786355972290039,15.811118125915527,15.745087623596191,15.77810001373291,15.73270320892334,15.91016960144043,15.901917457580566,16.042245864868164,16.042245864868164,16.017480850219727,15.984465599060059,15.996838569641113,15.889534950256348,16.00922966003418,16.124786376953125,15.963825225830078,15.980334281921387,16.029861450195312,16.079387664794922,16.058752059936523
T,2017-05-10,15.868902206420898,15.864778518676758,15.88541030883789,15.926679611206055,15.76159381866455,15.460312843322754,15.662541389465332,15.78222942352295,15.786355972290039,15.811118125915527,15.745087623596191,15.77810001373291,15.73270320892334,15.91016960144043,15.901917457580566,16.042245864868164,16.042245864868164,16.017480850219727,15.984465599060059,15.996838569641113,15.889534950256348,16.00922966003418,16.124786376953125,15.963825225830078,15.980334281921387,16.029861450195312,16.079387664794922,16.058752059936523,15.955565452575684,15.745087623596191,15.724451065063477
T,2017-05-18,15.662541389465332,15.78222942352295,15.786355972290039,15.811118125915527,15.745087623596191,15.77810001373291,15.73270320892334,15.91016960144043,15.901917457580566,16.042245864868164,16.042245864868164,16.017480850219727,15.984465599060059,15.996838569641113,15.889534950256348,16.00922966003418,16.124786376953125,15.963825225830078,15.980334281921387,16.029861450195312,16.079387664794922,16.058752059936523,15.955565452575684,15.745087623596191,15.724451065063477,15.662541389465332,15.745087623596191,15.559368133544922,15.658414840698242,15.526348114013672,15.571748733520508
T,2017-09-12,15.224150657653809,15.345911979675293,15.249346733093262,15.576835632324219,15.711193084716797,16.04288101196289,16.13525390625,16.04707908630371,16.202430725097656,16.42495346069336,16.25701141357422,16.277997970581055,16.39136505126953,16.445945739746094,16.420757293701172,16.57610511779785,16.584501266479492,16.588701248168945,16.472915649414062,16.3491268157959,16.434497833251953,16.302167892456055,15.307561874389648,15.239263534545898,15.439889907836914,15.465499877929688,15.243534088134766,15.23499584197998,15.170965194702148,15.047168731689453,14.880690574645996
T,2017-11-08,14.2745361328125,14.51358413696289,14.60749626159668,14.586151123046875,14.394059181213379,14.432477951049805,14.735556602478027,14.731284141540527,14.78677749633789,14.654449462890625,14.884963035583496,14.859349250793457,14.803853988647461,15.119735717773438,15.572223663330078,15.529533386230469,15.580757141113281,15.909451484680176,15.602102279663086,15.414278030395508,15.439889907836914,15.678935050964355,15.751502990722656,16.263748168945312,16.23813819885254,16.110078811645508,16.323511123657227,16.417421340942383,16.24240493774414,16.455839157104492,16.596708297729492
T,2018-03-27,15.160146713256836,15.446833610534668,15.48593807220459,15.247023582458496,15.364306449890137,15.585845947265625,15.698786735534668,15.477248191833496,15.566658020019531,15.849925994873047,15.602065086364746,15.562228202819824,15.553378105163574,15.774683952331543,15.650751113891602,15.584357261657715,15.41174030303955,15.34534740447998,15.442727088928223,15.491410255432129,15.579933166503906,14.650447845458984,14.623895645141602,14.473403930664062,14.40258502960205,14.19013500213623,14.137020111083984,14.225544929504395,14.181280136108398,14.030795097351074,13.8980073928833
T,2018-05-10,14.110461235046387,14.291932106018066,14.247672080993652,14.203409194946289,14.296359062194824,14.13259220123291,14.185707092285156,14.42471981048584,14.353899002075195,14.309638977050781,14.50881576538086,14.389303207397461,14.309638977050781,14.415865898132324,14.305211067199707,14.371603012084961,14.345043182373047,14.464550018310547,14.77437973022461,14.964704513549805,14.973554611206055,15.128469467163086,15.203714370727539,14.260951042175293,14.393730163574219,14.67258071899414,14.247672080993652,14.336193084716797,14.163575172424316,13.986533164978027,14.0263671875
T,2018-10-29,13.655279159545898,14.037664413452148,14.134410858154297,14.046875,14.060698509216309,14.11137580871582,14.263412475585938,14.327902793884277,14.300265312194824,14.139020919799805,14.180481910705566,13.973165512084961,14.056087493896484,13.876415252685547,13.95473861694336,13.982378005981445,13.553927421569824,13.715169906616211,13.52628231048584,13.798097610473633,14.023842811584473,14.162055015563965,14.083730697631836,14.392406463623047,14.608935356140137,14.157444953918457,14.06530475616455,13.885629653930664,13.779666900634766,13.682920455932617,13.894845008850098
T,2018-12-26,12.936578750610352,12.968830108642578,13.111647605895996,13.148504257202148,13.609208106994629,13.627635955810547,13.977768898010254,14.231155395507812,14.410834312438965,14.173161506652832,14.314416885375977,14.535725593566895,14.418011665344238,14.408590316772461,14.389756202697754,14.4274263381958,14.578105926513672,14.399176597595215,14.54514217376709,14.408590316772461,14.43684196472168,14.44155216217041,14.455679893493652,13.829422950744629,14.15432071685791,14.126073837280273,13.94243335723877,13.951849937438965,13.918889999389648,13.867090225219727,13.914177894592285
T,2020-03-02,18.90445899963379,18.457012176513672,19.41291618347168,18.90445899963379,18.828187942504883,17.63839340209961,18.228206634521484,17.551956176757812,15.929974555969238,17.526535034179688,16.17403793334961,17.155359268188477,16.702835083007812,15.838451385498047,14.465621948242188,13.611412048339844,14.282575607299805,14.440196990966797,15.558804512023926,15.172378540039062,15.370677947998047,14.821538925170898,14.262236595153809,14.623235702514648,13.962248802185059,14.968990325927734,15.294401168823242,15.553797721862793,15.99090576171875,15.709909439086914,16.199058532714844
T,2020-03-13,17.526535034179688,16.17403793334961,17.155359268188477,16.702835083007812,15.838451385498047,14.465621948242188,13.611412048339844,14.282575607299805,14.440196990966797,15.558804512023926,15.172378540039062,15.370677947998047,14.821538925170898,14.262236595153809,14.623235702514648,13.962248802185059,14.968990325927734,15.294401168823242,15.553797721862793,15.99090576171875,15.709909439086914,16.199058532714844,15.65787124633789,15.694299697875977,16.25109100341797,16.121002197265625,15.543388366699219,15.335244178771973,15.350854873657227,15.46013069152832,15.892038345336914
T,2020-03-24,14.282575607299805,14.440196990966797,15.558804512023926,15.172378540039062,15.370677947998047,14.821538925170898,14.262236595153809,14.623235702514648,13.962248802185059,14.968990325927734,15.294401168823242,15.553797721862793,15.99090576171875,15.709909439086914,16.199058532714844,15.65787124633789,15.694299697875977,16.25109100341797,16.121002197265625,15.543388366699219,15.335244178771973,15.350854873657227,15.46013069152832,15.892038345336914,15.949274063110352,16.355165481567383,15.855609893798828,15.559002876281738,15.40289306640625,15.47574520111084,14.981395721435547
T,2020-09-28,15.109562873840332,15.06696891784668,15.17877197265625,15.168126106262207,15.269281387329102,15.263957023620605,15.28525447845459,15.333170890808105,15.605063438415527,15.446879386901855,15.343246459960938,15.13598346710205,14.994168281555176,14.972350120544434,14.906898498535156,14.661446571350098,14.595996856689453,14.574175834655762,15.425065040588379,15.174161911010742,14.934167861938477,14.68326473236084,14.454180717468262,14.595996856689453,14.737805366516113,14.912352561950684,14.977803230285645,14.74871826171875,15.00507926940918,14.966894149780273,15.435976028442383
T,2020-10-22,15.425065040588379,15.174161911010742,14.934167861938477,14.68326473236084,14.454180717468262,14.595996856689453,14.737805366516113,14.912352561950684,14.977803230285645,14.74871826171875,15.00507926940918,14.966894149780273,15.435976028442383,15.735967636108398,15.670516014099121,15.512333869934082,15.768693923950195,15.801419258117676,15.834145545959473,15.610516548156738,15.425065040588379,15.446879386901855,15.610516548156738,15.943233489990234,15.812328338623047,15.834145545959473,15.68142318725586,15.746874809265137,15.866870880126953,15.943233489990234,16.112321853637695
T,2021-08-27,15.86893081665039,15.927423477172852,16.038558959960938,15.904027938842773,16.167240142822266,16.120447158813477,16.038558959960938,16.143840789794922,16.038558959960938,15.898176193237305,16.0970458984375,15.985915184020996,16.12629508972168,16.143840789794922,16.102895736694336,15.91572380065918,15.769490242004395,15.79874324798584,15.904027938842773,15.86893081665039,16.026857376098633,15.933271408081055,16.026857376098633,15.79874324798584,15.886478424072266,15.939119338989258,15.997612953186035,15.974215507507324,16.255327224731445,16.063308715820312,15.619277000427246
T,2021-12-02,13.831130981445312,14.077146530151367,13.96914005279541,13.849130630493164,13.9031343460083,13.765125274658203,13.705118179321289,13.465100288391113,13.375088691711426,13.303084373474121,14.227160453796387,14.2691650390625,14.51518440246582,14.683198928833008,14.86921215057373,14.923218727111816,14.86921215057373,14.893213272094727,14.78520393371582,14.86921215057373,14.76120376586914,15.259245872497559,15.38525390625,15.72728443145752,15.667280197143555,16.20252227783203,16.307294845581055,16.233341217041016,16.301128387451172,16.516836166381836,16.75103187561035
T,2021-12-16,14.227160453796387,14.2691650390625,14.51518440246582,14.683198928833008,14.86921215057373,14.923218727111816,14.86921215057373,14.893213272094727,14.78520393371582,14.86921215057373,14.76120376586914,15.259245872497559,15.38525390625,15.72728443145752,15.667280197143555,16.20252227783203,16.307294845581055,16.233341217041016,16.301128387451172,16.516836166381836,16.75103187561035,16.83115005493164,16.812658309936523,16.652420043945312,16.399734497070312,16.233341217041016,16.31962013244629,14.945270538330078,14.865153312683105,15.536918640136719,15.715645790100098
T,2022-06-17,16.04170799255371,16.52179718017578,16.81978988647461,17.059831619262695,17.37437629699707,17.200550079345703,17.059831619262695,17.341266632080078,17.349544525146484,17.639253616333008,17.52336883544922,17.457155227661133,17.50681495666504,17.446422576904297,17.328998565673828,17.278671264648438,17.152854919433594,17.052204132080078,17.253509521484375,17.21995735168457,17.446422576904297,17.178014755249023,15.869534492492676,15.433375358581543,15.542413711547852,15.34949779510498,15.4249849319458,15.58435344696045,15.752108573913574,15.71017074584961,15.399823188781738
T,2022-07-25,15.542413711547852,15.34949779510498,15.4249849319458,15.58435344696045,15.752108573913574,15.71017074584961,15.399823188781738,15.408214569091797,15.324334144592285,15.391438484191895,15.097868919372559,15.181746482849121,15.106256484985352,15.13141918182373,15.324334144592285,15.4249849319458,15.575963973999023,15.450150489807129,15.458539009094238,15.458539009094238,15.2069091796875,15.148193359375,15.106256484985352,15.173357009887695,15.00560188293457,14.91334056854248,14.946891784667969,14.712035179138184,14.678483009338379,14.418465614318848,14.082956314086914
T,2022-07-27,15.4249849319458,15.58435344696045,15.752108573913574,15.71017074584961,15.399823188781738,15.408214569091797,15.324334144592285,15.391438484191895,15.097868919372559,15.181746482849121,15.106256484985352,15.13141918182373,15.324334144592285,15.4249849319458,15.575963973999023,15.450150489807129,15.458539009094238,15.458539009094238,15.2069091796875,15.148193359375,15.106256484985352,15.173357009887695,15.00560188293457,14.91334056854248,14.946891784667969,14.712035179138184,14.678483009338379,14.418465614318848,14.082956314086914,14.15005874633789,14.066179275512695
T,2022-09-09,14.284259796142578,14.577827453613281,14.11650562286377,14.066179275512695,14.057792663574219,14.041015625,14.057792663574219,13.89003849029541,13.630019187927246,13.621630668640137,13.428714752197266,13.143533706665039,13.19385814666748,13.277735710144043,13.026103973388672,12.866740226745605,13.336448669433594,13.495816230773926,13.361613273620605,13.078195571899414,12.753799438476562,12.719653129577637,12.642824172973633,12.489164352416992,12.907462120056152,12.796483039855957,13.069659233093262,13.317221641540527,13.26600170135498,14.290403366088867,14.597723007202148
T,2022-10-03,13.336448669433594,13.495816230773926,13.361613273620605,13.078195571899414,12.753799438476562,12.719653129577637,12.642824172973633,12.489164352416992,12.907462120056152,12.796483039855957,13.069659233093262,13.317221641540527,13.26600170135498,14.290403366088867,14.597723007202148,14.947729110717773,15.101390838623047,15.485539436340332,15.391636848449707,15.77578353881836,15.56236743927002,15.664813041687012,15.733104705810547,15.511149406433105,15.63919734954834,15.67334270477295,15.852616310119629,15.690418243408203,16.083105087280273,16.262374877929688,16.27091407775879
T,2022-10-13,12.907462120056152,12.796483039855957,13.069659233093262,13.317221641540527,13.26600170135498,14.290403366088867,14.597723007202148,14.947729110717773,15.101390838623047,15.485539436340332,15.391636848449707,15.77578353881836,15.56236743927002,15.664813041687012,15.733104705810547,15.511149406433105,15.63919734954834,15.67334270477295,15.852616310119629,15.690418243408203,16.083105087280273,16.262374877929688,16.27091407775879,16.236766815185547,16.159936904907227,16.177011489868164,16.194080352783203,16.083105087280273,16.21969223022461,16.296524047851562,16.322134017944336
T,2023-04-21,16.0022029876709,15.39619255065918,15.378625869750977,15.106361389160156,15.46645450592041,15.51915168762207,15.369845390319824,14.992183685302734,15.009749412536621,14.851661682128906,15.044879913330078,15.03609848022461,14.948271751403809,14.965837478637695,14.895573616027832,14.957053184509277,14.88679027557373,14.517915725708008,14.63209056854248,14.535479545593262,14.324694633483887,14.386173248291016,14.140257835388184,14.008515357971191,13.305891990661621,13.613289833068848,13.736249923706055,13.815293312072754,13.8855562210083,13.358590126037598,13.516679763793945
T,2023-05-17,14.63209056854248,14.535479545593262,14.324694633483887,14.386173248291016,14.140257835388184,14.008515357971191,13.305891990661621,13.613289833068848,13.736249923706055,13.815293312072754,13.8855562210083,13.358590126037598,13.516679763793945,13.76259708404541,14.140257835388184,14.113907814025879,14.008515357971191,13.990948677062988,13.894338607788086,13.911904335021973,14.078778266906738,14.105124473571777,13.859207153320312,13.709901809692383,13.683551788330078,13.569375038146973,13.727466583251953,13.911904335021973,13.859207153320312,14.034862518310547,14.008515357971191
T,2023-05-22,14.386173248291016,14.140257835388184,14.008515357971191,13.305891990661621,13.613289833068848,13.736249923706055,13.815293312072754,13.8855562210083,13.358590126037598,13.516679763793945,13.76259708404541,14.140257835388184,14.113907814025879,14.008515357971191,13.990948677062988,13.894338607788086,13.911904335021973,14.078778266906738,14.105124473571777,13.859207153320312,13.709901809692383,13.683551788330078,13.569375038146973,13.727466583251953,13.911904335021973,13.859207153320312,14.034862518310547,14.008515357971191,14.157821655273438,14.113907814025879,13.938253402709961
T,2023-05-30,13.736249923706055,13.815293312072754,13.8855562210083,13.358590126037598,13.516679763793945,13.76259708404541,14.140257835388184,14.113907814025879,14.008515357971191,13.990948677062988,13.894338607788086,13.911904335021973,14.078778266906738,14.105124473571777,13.859207153320312,13.709901809692383,13.683551788330078,13.569375038146973,13.727466583251953,13.911904335021973,13.859207153320312,14.034862518310547,14.008515357971191,14.157821655273438,14.113907814025879,13.938253402709961,13.954344749450684,13.650405883789062,13.614646911621094,13.516313552856445,13.516313552856445
T,2023-06-05,13.516679763793945,13.76259708404541,14.140257835388184,14.113907814025879,14.008515357971191,13.990948677062988,13.894338607788086,13.911904335021973,14.078778266906738,14.105124473571777,13.859207153320312,13.709901809692383,13.683551788330078,13.569375038146973,13.727466583251953,13.911904335021973,13.859207153320312,14.034862518310547,14.008515357971191,14.157821655273438,14.113907814025879,13.938253402709961,13.954344749450684,13.650405883789062,13.614646911621094,13.516313552856445,13.516313552856445,12.962076187133789,12.094955444335938,12.023442268371582,13.04252815246582
T,2023-07-19,13.04252815246582,13.105103492736816,13.194499015808105,13.364344596862793,13.230255126953125,13.310709953308105,12.971014022827148,12.917376518249512,12.97995376586914,12.78328800201416,12.827984809875488,12.595560073852539,12.515107154846191,12.524045944213867,12.67601490020752,12.756468772888184,12.667075157165527,12.845863342285156,12.747530937194824,12.640257835388184,12.604501724243164,12.524045944213867,12.559803009033203,12.604501724243164,12.747530937194824,12.658137321472168,12.649195671081543,12.613438606262207,12.70283317565918,13.203436851501465,13.167678833007812
T,2024-04-17,15.169576644897461,15.367194175720215,15.536581039428711,15.348373413085938,15.52717113494873,15.818893432617188,15.602452278137207,15.762430191040039,16.01651382446289,15.894177436828613,15.922406196594238,15.828304290771484,15.856535911560059,15.98828125,16.072973251342773,16.101207733154297,16.16707992553711,16.157669067382812,16.24236297607422,16.28000259399414,16.308231353759766,16.28000259399414,16.374107360839844,16.48703384399414,16.251771926879883,16.468212127685547,16.439977645874023,16.468212127685547,16.251771926879883,16.11061668395996,16.58113670349121
AAPL,2015-08-10,26.934677124023438,25.53304672241211,25.9267635345459,25.906518936157227,26.08875274658203,26.358734130859375,26.21024513244629,25.875022888183594,25.344066619873047,23.79395294189453,23.199996948242188,23.339488983154297,24.67812156677246,25.40481185913086,25.488056182861328,25.368820190429688,24.23491668701172,25.274322509765625,24.83110809326172,24.583627700805664,25.267568588256836,24.781614303588867,25.326065063476562,25.695032119750977,25.94251251220703,26.160741806030273,26.189992904663086,25.629793167114258,25.5240478515625,25.920015335083008,25.51280403137207
AAPL,2015-08-26,24.67812156677246,25.40481185913086,25.488056182861328,25.368820190429688,24.23491668701172,25.274322509765625,24.83110809326172,24.583627700805664,25.267568588256836,24.781614303588867,25.326065063476562,25.695032119750977,25.94251251220703,26.160741806030273,26.189992904663086,25.629793167114258,25.5240478515625,25.920015335083008,25.51280403137207,25.71978187561035,25.87276268005371,25.807527542114258,25.29681968688965,24.53638458251953,24.815359115600586,24.65337562561035,24.833358764648438,24.923349380493164,25.042593002319336,24.923349380493164,24.635374069213867
AAPL,2015-12-21,24.250530242919922,24.227941513061523,24.539737701416016,24.408689498901367,24.135303497314453,24.569116592407227,24.24827003479004,23.782825469970703,23.803163528442383,23.206674575805664,22.752525329589844,21.792266845703125,21.907487869262695,22.262226104736328,22.585330963134766,22.00464630126953,22.48590660095215,21.945903778076172,21.839717864990234,21.869081497192383,21.75836944580078,22.915197372436523,22.46784019470215,22.59210205078125,21.10765838623047,21.259035110473633,21.993358612060547,21.787750244140625,21.347158432006836,21.769668579101562,21.944591522216797
AAPL,2016-01-12,22.585330963134766,22.00464630126953,22.48590660095215,21.945903778076172,21.839717864990234,21.869081497192383,21.75836944580078,22.915197372436523,22.46784019470215,22.59210205078125,21.10765838623047,21.259035110473633,21.993358612060547,21.787750244140625,21.347158432006836,21.769668579101562,21.944591522216797,21.35849380493164,21.583396911621094,21.5788516998291,21.415285110473633,21.285795211791992,21.35167694091797,21.95367431640625,22.289884567260742,21.867353439331055,21.81737518310547,22.008197784423828,21.510700225830078,21.831005096435547,21.980939865112305
AAPL,2016-05-16,21.4565372467041,21.367399215698242,21.61194610595703,21.5296688079834,21.762792587280273,22.039348602294922,22.37531280517578,22.7684326171875,22.948984146118164,22.93527603149414,22.823278427124023,22.50330352783203,22.334178924560547,22.37989044189453,22.542158126831055,22.633588790893555,22.613014221191406,22.775285720825195,22.58786964416504,22.24732780456543,22.274751663208008,22.201622009277344,22.29532241821289,21.78793716430664,21.73537254333496,21.92049217224121,21.83822250366211,21.96392059326172,21.346832275390625,21.035993576049805,21.39025115966797
AAPL,2016-11-15,24.739273071289062,25.404464721679688,25.395225524902344,25.420637130737305,25.80635643005371,25.822521209716797,25.690872192382812,25.82021713256836,25.769397735595703,25.74399185180664,25.526878356933594,25.28898048400879,25.38368034362793,25.201213836669922,25.395225524902344,25.644678115844727,25.896434783935547,26.319108963012695,26.168981552124023,26.605518341064453,26.605518341064453,26.75102424621582,26.785675048828125,26.940425872802734,27.012025833129883,27.037424087524414,26.859575271606445,26.912702560424805,27.083620071411133,26.9681396484375,26.961206436157227
AAPL,2018-02-06,38.26068115234375,37.441619873046875,36.41136932373047,36.85673522949219,38.34128189086914,38.725372314453125,39.439361572265625,40.763671875,40.63170623779297,40.49504089355469,40.31124496459961,40.6482048034668,41.355133056640625,42.17280197143555,42.03614807128906,41.972511291503906,41.237300872802734,41.522430419921875,41.666175842285156,41.63084030151367,41.244384765625,41.6944580078125,42.41080093383789,42.82082748413086,42.4084587097168,42.047916412353516,42.09739303588867,41.94894790649414,41.3079948425293,41.29386901855469,40.358360290527344
AAPL,2018-02-09,36.85673522949219,38.34128189086914,38.725372314453125,39.439361572265625,40.763671875,40.63170623779297,40.49504089355469,40.31124496459961,40.6482048034668,41.355133056640625,42.17280197143555,42.03614807128906,41.972511291503906,41.237300872802734,41.522430419921875,41.666175842285156,41.63084030151367,41.244384765625,41.6944580078125,42.41080093383789,42.82082748413086,42.4084587097168,42.047916412353516,42.09739303588867,41.94894790649414,41.3079948425293,41.29386901855469,40.358360290527344,39.78810119628906,38.86675262451172,40.711822509765625
AAPL,2018-11-28,43.101409912109375,42.77029037475586,42.539241790771484,44.025657653808594,42.08901596069336,41.619754791259766,40.135719299316406,40.4001350402832,40.1690673828125,40.2810173034668,40.72169876098633,39.418701171875,39.0518684387207,39.55924606323242,38.32533645629883,37.35820388793945,35.90514373779297,34.97612762451172,37.43920135498047,37.196231842041016,37.21529006958008,37.574974060058594,37.61785888671875,33.87084197998047,35.31675720214844,35.23814010620117,35.90990447998047,36.51969528198242,36.636444091796875,36.2767448425293,35.73124313354492
AAPL,2018-12-26,37.43920135498047,37.196231842041016,37.21529006958008,37.574974060058594,37.61785888671875,33.87084197998047,35.31675720214844,35.23814010620117,35.90990447998047,36.51969528198242,36.636444091796875,36.2767448425293,35.73124313354492,36.46255111694336,36.907997131347656,37.12714385986328,37.3558235168457,36.51732635498047,36.66502380371094,36.37440490722656,37.579742431640625,37.231956481933594,36.84605026245117,39.363914489746094,39.64738082885742,39.666446685791016,40.79316711425781,41.491111755371094,41.50540542602539,40.719322204589844,40.76716613769531
AAPL,2019-01-04,35.31675720214844,35.23814010620117,35.90990447998047,36.51969528198242,36.636444091796875,36.2767448425293,35.73124313354492,36.46255111694336,36.907997131347656,37.12714385986328,37.3558235168457,36.51732635498047,36.66502380371094,36.37440490722656,37.579742431640625,37.231956481933594,36.84605026245117,39.363914489746094,39.64738082885742,39.666446685791016,40.79316711425781,41.491111755371094,41.50540542602539,40.719322204589844,40.76716613769531,40.53272247314453,40.88199996948242,40.71215057373047,40.8604736328125,40.769569396972656,40.89156723022461
AAPL,2019-06-04,43.14076232910156,43.83719253540039,44.480804443359375,45.66474533081055,46.248313903808594,46.78385543823242,46.63496398925781,46.625362396240234,46.28673553466797,46.56291198730469,47.65800476074219,47.51871109008789,47.90056610107422,47.73725128173828,47.68922805786133,46.966365814208984,47.98221206665039,47.967803955078125,47.530723571777344,48.402469635009766,48.685855865478516,49.08930587768555,49.04607391357422,48.0350456237793,48.32802963256836,48.80592727661133,48.450496673583984,48.82275390625,49.28142166137695,49.11091613769531,48.834739685058594
AAPL,2020-03-02,72.41995239257812,70.11994171142578,73.3724136352539,70.9924545288086,70.04966735839844,64.50928497314453,69.15533447265625,66.7535400390625,60.16131591796875,67.36912536621094,58.702301025390625,61.28345489501953,59.78324508666992,59.325172424316406,55.55888366699219,54.378578186035156,59.83414077758789,59.5045280456543,62.63583755493164,60.04256820678711,61.75605773925781,61.630027770996094,58.38724136352539,59.36152648925781,58.508426666259766,63.61254119873047,62.875762939453125,64.48503875732422,64.95035552978516,66.2251968383789,69.56977844238281
AAPL,2021-03-01,124.84567260742188,122.2371826171875,119.24767303466797,117.36215209960938,118.6224365234375,113.67900848388672,118.30001831054688,117.21560668945312,119.14997863769531,118.24140930175781,121.13319396972656,122.67679595947266,121.88546752929688,117.7529296875,117.22537231445312,120.54703521728516,119.71663665771484,117.32308197021484,117.8115463256836,118.4172592163086,118.59310913085938,117.13745880126953,119.33560943603516,120.166015625,122.99920654296875,123.30204010009766,124.95313262939453,127.3564453125,129.9356231689453,128.21617126464844,131.33262634277344
AAPL,2022-10-03,140.39544677734375,143.99282836914062,144.28848266601562,143.33245849609375,138.06948852539062,138.39474487304688,136.9755096435547,136.34471130371094,140.92770385742188,136.38418579101562,140.3560333251953,141.6767120361328,141.78509521484375,141.32191467285156,145.1459503173828,147.29449462890625,150.14280700683594,147.19593811035156,142.71156311035156,153.49378967285156,151.12840270996094,148.4771728515625,142.93824768066406,136.87698364257812,136.6104278564453,137.14349365234375,137.71607971191406,133.14529418945312,144.9918212890625,147.78562927246094,146.38380432128906
AAPL,2022-12-29,127.95257568359375,128.26846313476562,123.47061157226562,124.7441177368164,123.42124938964844,127.96244812011719,128.48565673828125,129.05821228027344,131.78294372558594,131.70394897460938,133.03668212890625,134.20159912109375,133.48095703125,133.54019165039062,136.10691833496094,139.3054962158203,140.7073211669922,140.04592895507812,142.11904907226562,144.06385803222656,141.1713409423828,142.44479370117188,143.5702362060547,148.89132690429688,152.52427673339844,149.78968811035156,152.67236328125,149.97723388671875,148.940673828125,149.3065185546875,152.11448669433594
AAPL,2023-08-08,178.01763916015625,176.423583984375,176.20578002929688,176.2652587890625,177.9209442138672,175.92819213867188,175.0557403564453,172.50775146484375,172.99354553222656,174.3319854736328,175.71006774902344,179.5666961669922,174.86737060546875,177.07823181152344,178.6446990966797,182.5409698486328,186.0406951904297,186.2588348388672,187.835205078125,188.0731201171875,181.34136962890625,176.03724670410156,176.65191650390625,177.82179260253906,174.7880401611328,172.71595764160156,174.2328643798828,173.50909423828125,176.4437255859375,177.5343017578125,173.98500061035156
AAPL,2023-08-11,176.2652587890625,177.9209442138672,175.92819213867188,175.0557403564453,172.50775146484375,172.99354553222656,174.3319854736328,175.71006774902344,179.5666961669922,174.86737060546875,177.07823181152344,178.6446990966797,182.5409698486328,186.0406951904297,186.2588348388672,187.835205078125,188.0731201171875,181.34136962890625,176.03724670410156,176.65191650390625,177.82179260253906,174.7880401611328,172.71595764160156,174.2328643798828,173.50909423828125,176.4437255859375,177.5343017578125,173.98500061035156,172.43836975097656,173.29100036621094,174.56993103027344
AAPL,2023-08-21,174.3319854736328,175.71006774902344,179.5666961669922,174.86737060546875,177.07823181152344,178.6446990966797,182.5409698486328,186.0406951904297,186.2588348388672,187.835205078125,188.0731201171875,181.34136962890625,176.03724670410156,176.65191650390625,177.82179260253906,174.7880401611328,172.71595764160156,174.2328643798828,173.50909423828125,176.4437255859375,177.5343017578125,173.98500061035156,172.43836975097656,173.29100036621094,174.56993103027344,170.48526000976562,168.96836853027344,169.22616577148438,169.74171447753906,172.25990295410156,170.92147827148438
AAPL,2024-01-08,184.21099853515625,183.79405212402344,184.83642578125,184.2407684326172,184.56837463378906,182.2950439453125,181.3519287109375,187.2586669921875,190.16737365722656,192.48043823242188,193.7610626220703,193.08599853515625,192.7584228515625,191.0211181640625,190.33616638183594,186.6729736328125,183.05943298339844,185.5015411376953,184.49888610839844,186.31558227539062,187.92381286621094,188.03298950195312,186.95094299316406,187.71630859375,186.02651977539062,183.92916870117188,183.0445098876953,182.7562713623047,181.21556091308594,180.47007751464844,181.22552490234375
AAPL,2024-03-11,171.7129669189453,172.19004821777344,170.10267639160156,171.96145629882812,171.583740234375,172.6771240234375,175.02296447753906,177.59742736816406,170.34124755859375,171.24578857421875,169.82437133789062,168.69122314453125,172.2696075439453,170.45057678222656,169.00927734375,167.826416015625,168.63156127929688,167.8065643310547,168.56198120117188,167.43878173828125,168.6514434814453,166.7727813720703,173.98919677734375,175.4901580810547,171.6533203125,168.36318969726562,166.99147033691406,166.03721618652344,164.00949096679688,164.8444366455078,165.89804077148438
AAPL,2025-01-22,223.29135131835938,223.1217803955078,222.24388122558594,229.3068389892578,237.68663024902344,238.78399658203125,237.0182342529297,235.4320831298828,227.4613037109375,232.23977661132812,231.9105682373047,232.6587677001953,227.08221435546875,227.3518524169922,232.3153533935547,236.55978393554688,241.21368408203125,244.2796630859375,244.14984130859375,244.54930114746094,245.508056640625,245.22842407226562,246.77639770507812,246.71646118164062,240.0452117919922,236.98922729492188,241.5232696533203,237.71826171875,235.6210174560547,235.4312744140625,235.0218048095703
AAPL,2025-03-14,213.21041870117188,213.71974182128906,212.4114532470703,214.95811462402344,213.81961059570312,217.98414611816406,220.44091796875,223.45697021484375,221.2398681640625,223.5568389892578,217.6146240234375,221.83909606933594,222.897705078125,223.59678649902344,202.9239044189453,188.13330078125,181.2223663330078,172.19419860839844,198.58958435058594,190.17062377929688,197.89048767089844,202.25477600097656,201.87527465820312,194.0155792236328,196.72203063964844,192.9070281982422,199.47842407226562,204.33206176757812,208.09710693359375,209.00592041015625,209.8647918701172
AAPL,2025-04-09,198.58958435058594,190.17062377929688,197.89048767089844,202.25477600097656,201.87527465820312,194.0155792236328,196.72203063964844,192.9070281982422,199.47842407226562,204.33206176757812,208.09710693359375,209.00592041015625,209.8647918701172,210.9333953857422,212.22171020507812,213.04063415527344,205.08106994628906,198.62953186035156,198.25001525878906,195.99298095703125,197.2313690185547,198.27000427246094,210.7899932861328,212.92999267578125,212.3300018310547,211.4499969482422,211.25999450683594,208.77999877929688,206.86000061035156,202.08999633789062,201.36000061035156
BEN,2015-08-27,25.807025909423828,25.926481246948242,25.51156234741211,24.801158905029297,24.845163345336914,25.02747917175293,24.524532318115234,25.19093132019043,24.93317413330078,24.70685577392578,24.782299041748047,24.62512969970703,24.801158905029297,24.889175415039062,24.85144805908203,24.210203170776367,24.2982177734375,23.895862579345703,23.600393295288086,23.430648803710938,23.487226486206055,23.165313720703125,22.950700759887695,23.51878547668457,23.40516471862793,23.83439064025879,24.40879249572754,24.440357208251953,24.62972068786621,24.54766273498535,24.52239990234375
BEN,2015-09-03,25.02747917175293,24.524532318115234,25.19093132019043,24.93317413330078,24.70685577392578,24.782299041748047,24.62512969970703,24.801158905029297,24.889175415039062,24.85144805908203,24.210203170776367,24.2982177734375,23.895862579345703,23.600393295288086,23.430648803710938,23.487226486206055,23.165313720703125,22.950700759887695,23.51878547668457,23.40516471862793,23.83439064025879,24.40879249572754,24.440357208251953,24.62972068786621,24.54766273498535,24.52239990234375,24.00481414794922,23.670278549194336,23.651342391967773,23.865957260131836,24.28255271911621
BEN,2015-09-08,25.19093132019043,24.93317413330078,24.70685577392578,24.782299041748047,24.62512969970703,24.801158905029297,24.889175415039062,24.85144805908203,24.210203170776367,24.2982177734375,23.895862579345703,23.600393295288086,23.430648803710938,23.487226486206055,23.165313720703125,22.950700759887695,23.51878547668457,23.40516471862793,23.83439064025879,24.40879249572754,24.440357208251953,24.62972068786621,24.54766273498535,24.52239990234375,24.00481414794922,23.670278549194336,23.651342391967773,23.865957260131836,24.28255271911621,24.080564498901367,24.099498748779297
BEN,2015-09-30,23.51878547668457,23.40516471862793,23.83439064025879,24.40879249572754,24.440357208251953,24.62972068786621,24.54766273498535,24.52239990234375,24.00481414794922,23.670278549194336,23.651342391967773,23.865957260131836,24.28255271911621,24.080564498901367,24.099498748779297,23.94800567626953,25.109426498413086,25.361913681030273,25.298797607421875,24.85063362121582,25.22935676574707,25.317731857299805,25.728012084960938,25.974184036254883,26.13198471069336,25.961557388305664,26.239290237426758,25.791139602661133,25.65858268737793,25.753267288208008,25.778514862060547
BEN,2015-12-16,22.82445526123047,22.376306533813477,22.092256546020508,22.243745803833008,22.609848022460938,23.5819091796875,23.448719024658203,23.417003631591797,23.721450805664062,23.48676872253418,23.35357093811035,22.947647094726562,22.909591674804688,22.326068878173828,21.609352111816406,21.34295654296875,21.247819900512695,21.564952850341797,20.917999267578125,21.165367126464844,20.683324813842773,20.96240234375,20.87360191345215,21.06388282775879,21.59032440185547,20.63258171081543,21.165367126464844,21.06388282775879,21.127315521240234,21.983564376831055,21.368328094482422
BEN,2015-12-22,22.609848022460938,23.5819091796875,23.448719024658203,23.417003631591797,23.721450805664062,23.48676872253418,23.35357093811035,22.947647094726562,22.909591674804688,22.326068878173828,21.609352111816406,21.34295654296875,21.247819900512695,21.564952850341797,20.917999267578125,21.165367126464844,20.683324813842773,20.96240234375,20.87360191345215,21.06388282775879,21.59032440185547,20.63258171081543,21.165367126464844,21.06388282775879,21.127315521240234,21.983564376831055,21.368328094482422,20.448650360107422,20.77846336364746,21.431758880615234,21.381011962890625
BEN,2016-01-12,21.564952850341797,20.917999267578125,21.165367126464844,20.683324813842773,20.96240234375,20.87360191345215,21.06388282775879,21.59032440185547,20.63258171081543,21.165367126464844,21.06388282775879,21.127315521240234,21.983564376831055,21.368328094482422,20.448650360107422,20.77846336364746,21.431758880615234,21.381011962890625,20.58818244934082,20.353511810302734,20.58184814453125,19.947582244873047,20.499391555786133,21.469810485839844,21.729856491088867,21.983564376831055,21.61569595336914,22.20555877685547,22.161155700683594,22.0469970703125,22.66222381591797
BEN,2016-01-14,21.165367126464844,20.683324813842773,20.96240234375,20.87360191345215,21.06388282775879,21.59032440185547,20.63258171081543,21.165367126464844,21.06388282775879,21.127315521240234,21.983564376831055,21.368328094482422,20.448650360107422,20.77846336364746,21.431758880615234,21.381011962890625,20.58818244934082,20.353511810302734,20.58184814453125,19.947582244873047,20.499391555786133,21.469810485839844,21.729856491088867,21.983564376831055,21.61569595336914,22.20555877685547,22.161155700683594,22.0469970703125,22.66222381591797,22.928619384765625,22.738338470458984
BEN,2016-01-19,20.96240234375,20.87360191345215,21.06388282775879,21.59032440185547,20.63258171081543,21.165367126464844,21.06388282775879,21.127315521240234,21.983564376831055,21.368328094482422,20.448650360107422,20.77846336364746,21.431758880615234,21.381011962890625,20.58818244934082,20.353511810302734,20.58184814453125,19.947582244873047,20.499391555786133,21.469810485839844,21.729856491088867,21.983564376831055,21.61569595336914,22.20555877685547,22.161155700683594,22.0469970703125,22.66222381591797,22.928619384765625,22.738338470458984,23.417003631591797,23.689735412597656
BEN,2016-06-17,21.252485275268555,21.51375961303711,21.545625686645508,21.50101661682129,22.036306381225586,20.42405128479004,19.544639587402344,19.884376525878906,20.82026481628418,21.390769958496094,21.198463439941406,20.704875946044922,20.852313995361328,20.89718246459961,21.781789779663086,21.762561798095703,22.333065032958984,22.095888137817383,22.204862594604492,22.236906051635742,22.429214477539062,22.166399002075195,22.51255226135254,22.442041397094727,22.544601440429688,22.217683792114258,22.17281150817871,22.339473724365234,22.44845199584961,23.198436737060547,23.095874786376953
BEN,2016-06-28,19.884376525878906,20.82026481628418,21.390769958496094,21.198463439941406,20.704875946044922,20.852313995361328,20.89718246459961,21.781789779663086,21.762561798095703,22.333065032958984,22.095888137817383,22.204862594604492,22.236906051635742,22.429214477539062,22.166399002075195,22.51255226135254,22.442041397094727,22.544601440429688,22.217683792114258,22.17281150817871,22.339473724365234,22.44845199584961,23.198436737060547,23.095874786376953,22.480501174926758,22.845876693725586,22.679216384887695,23.352285385131836,23.352285385131836,22.922801971435547,22.794597625732422
BEN,2017-08-14,28.118982315063477,28.034015655517578,27.994789123535156,27.491506576538086,27.3411808013916,27.301958084106445,27.7856388092041,27.681060791015625,27.707210540771484,27.890220642089844,27.844463348388672,27.713735580444336,27.85099983215332,28.256250381469727,28.367372512817383,27.275806427001953,27.19738006591797,26.89017677307129,26.824810028076172,27.275806427001953,27.576475143432617,27.445751190185547,27.55034065246582,27.766029357910156,27.955581665039062,28.007869720458984,28.08631134033203,27.831392288208008,28.034015655517578,28.373905181884766,28.432735443115234
BEN,2017-08-22,27.7856388092041,27.681060791015625,27.707210540771484,27.890220642089844,27.844463348388672,27.713735580444336,27.85099983215332,28.256250381469727,28.367372512817383,27.275806427001953,27.19738006591797,26.89017677307129,26.824810028076172,27.275806427001953,27.576475143432617,27.445751190185547,27.55034065246582,27.766029357910156,27.955581665039062,28.007869720458984,28.08631134033203,27.831392288208008,28.034015655517578,28.373905181884766,28.432735443115234,29.07328224182129,29.25055503845215,29.224294662475586,29.36874008178711,29.39499855041504,29.460657119750977
BEN,2017-11-01,27.84548568725586,28.25255584716797,28.094972610473633,27.96366310119629,27.431835174560547,27.504058837890625,27.13637924194336,27.00506019592285,26.794952392578125,26.80808448791504,26.55858612060547,26.624250411987305,26.578285217285156,26.762130737304688,27.300519943237305,27.182342529296875,27.057584762573242,27.03789520263672,27.687904357910156,28.31822395324707,28.462657928466797,28.548025131225586,29.296518325805664,28.987924575805664,29.079849243164062,29.21772575378418,29.329343795776367,28.95509910583496,28.987924575805664,28.685894012451172,28.278827667236328
BEN,2017-11-20,26.762130737304688,27.300519943237305,27.182342529296875,27.057584762573242,27.03789520263672,27.687904357910156,28.31822395324707,28.462657928466797,28.548025131225586,29.296518325805664,28.987924575805664,29.079849243164062,29.21772575378418,29.329343795776367,28.95509910583496,28.987924575805664,28.685894012451172,28.278827667236328,28.53488540649414,28.659635543823242,28.679340362548828,28.685894012451172,28.78438949584961,28.982391357421875,28.75798225402832,28.665578842163086,28.731584548950195,28.59957504272461,28.546764373779297,28.67877769470215,28.57977294921875
BEN,2018-02-06,26.216835021972656,26.032012939453125,25.081554412841797,25.22677230834961,25.629396438598633,25.63599395751953,26.276226043701172,25.781206130981445,25.80760383605957,25.649200439453125,25.787797927856445,25.556787490844727,25.946218490600586,26.296031951904297,25.84720802307129,25.523784637451172,25.319175720214844,25.60298728942871,25.992416381835938,26.137619018554688,25.946218490600586,26.084827423095703,26.705263137817383,26.289432525634766,26.018817901611328,25.649200439453125,25.51718521118164,25.73500633239746,25.23996925354004,25.325773239135742,25.536985397338867
BEN,2018-02-12,25.629396438598633,25.63599395751953,26.276226043701172,25.781206130981445,25.80760383605957,25.649200439453125,25.787797927856445,25.556787490844727,25.946218490600586,26.296031951904297,25.84720802307129,25.523784637451172,25.319175720214844,25.60298728942871,25.992416381835938,26.137619018554688,25.946218490600586,26.084827423095703,26.705263137817383,26.289432525634766,26.018817901611328,25.649200439453125,25.51718521118164,25.73500633239746,25.23996925354004,25.325773239135742,25.536985397338867,24.599729537963867,24.190500259399414,25.154163360595703,24.82414436340332
BEN,2018-10-15,21.20977020263672,21.685976028442383,21.898439407348633,21.36362075805664,21.803197860717773,21.27569580078125,21.129175186157227,20.755525588989258,21.495492935180664,21.473508834838867,21.707956314086914,22.69700813293457,22.345346450805664,22.7116641998291,22.491870880126953,22.57978630065918,22.880170822143555,23.092632293701172,23.1805477142334,22.61642074584961,22.68235969543457,22.777603149414062,22.572463989257812,23.136594772338867,23.393014907836914,23.60547637939453,23.35637664794922,23.642112731933594,23.869224548339844,24.4260311126709,24.46265983581543
BEN,2018-12-26,21.202438354492188,21.414899826049805,21.562744140625,21.924955368041992,22.065406799316406,21.65884017944336,22.368480682373047,22.479360580444336,22.61241912841797,22.412832260131836,22.523714065551758,22.420223236083984,22.427616119384766,22.664161682128906,22.908103942871094,22.967241287231445,23.31467056274414,23.166828155517578,22.959850311279297,23.15943717956543,23.351633071899414,23.52903938293457,23.055950164794922,21.50360679626465,21.887998580932617,21.902780532836914,22.250207901000977,22.553287506103516,22.420223236083984,22.43501091003418,22.19107437133789
BEN,2019-09-05,20.294170379638672,20.21158790588379,20.85727882385254,21.36031723022461,22.13364028930664,22.36638641357422,22.45648765563965,22.32133674621582,22.118621826171875,22.103609085083008,22.193702697753906,22.02853012084961,21.83331871032715,21.345300674438477,21.61558723449707,21.51797866821289,21.692249298095703,21.86651611328125,21.1467227935791,20.50269317626953,20.55573081970215,20.74515151977539,20.563310623168945,19.911706924438477,19.979900360107422,20.101131439208984,20.699691772460938,20.434507369995117,20.66181182861328,20.37389373779297,20.563310623168945
BEN,2020-03-02,17.87558364868164,17.906208038330078,17.92917251586914,16.941614151000977,16.57415008544922,14.935874938964844,15.42583179473877,14.392333984375,12.830613136291504,13.864106178283691,13.596162796020508,15.433481216430664,15.157881736755371,14.874637603759766,12.937788009643555,11.712907791137695,12.677502632141113,12.8535795211792,13.94831371307373,13.282286643981934,13.811090469360352,12.979005813598633,12.333552360534668,12.489082336425781,12.139139175415039,13.02566146850586,12.940120697021484,13.367828369140625,13.072318077087402,12.51241397857666,12.691269874572754
BEN,2020-03-10,15.42583179473877,14.392333984375,12.830613136291504,13.864106178283691,13.596162796020508,15.433481216430664,15.157881736755371,14.874637603759766,12.937788009643555,11.712907791137695,12.677502632141113,12.8535795211792,13.94831371307373,13.282286643981934,13.811090469360352,12.979005813598633,12.333552360534668,12.489082336425781,12.139139175415039,13.02566146850586,12.940120697021484,13.367828369140625,13.072318077087402,12.51241397857666,12.691269874572754,11.905845642089844,11.991384506225586,12.706825256347656,12.660165786743164,12.42686939239502,12.543519020080566
BEN,2020-03-13,13.864106178283691,13.596162796020508,15.433481216430664,15.157881736755371,14.874637603759766,12.937788009643555,11.712907791137695,12.677502632141113,12.8535795211792,13.94831371307373,13.282286643981934,13.811090469360352,12.979005813598633,12.333552360534668,12.489082336425781,12.139139175415039,13.02566146850586,12.940120697021484,13.367828369140625,13.072318077087402,12.51241397857666,12.691269874572754,11.905845642089844,11.991384506225586,12.706825256347656,12.660165786743164,12.42686939239502,12.543519020080566,12.333552360534668,12.38021183013916,13.095648765563965
BEN,2020-03-24,12.677502632141113,12.8535795211792,13.94831371307373,13.282286643981934,13.811090469360352,12.979005813598633,12.333552360534668,12.489082336425781,12.139139175415039,13.02566146850586,12.940120697021484,13.367828369140625,13.072318077087402,12.51241397857666,12.691269874572754,11.905845642089844,11.991384506225586,12.706825256347656,12.660165786743164,12.42686939239502,12.543519020080566,12.333552360534668,12.38021183013916,13.095648765563965,13.531134605407715,14.378775596618652,14.650954246520996,14.021052360534668,14.254350662231445,13.966618537902832,13.795536994934082
BEN,2020-11-02,15.64025592803955,15.975579261779785,15.360821723937988,16.07137680053711,15.49654769897461,16.302906036376953,16.57436180114746,16.255008697509766,15.815899848937988,16.374767303466797,16.98153305053711,17.149192810058594,17.021453857421875,16.646215438842773,16.438634872436523,16.97355079650879,17.85974884033203,17.81983184814453,17.7799129486084,17.55636978149414,17.851764678955078,17.95555305480957,18.330795288085938,18.92957878112793,18.817808151245117,19.129175186157227,19.145139694213867,19.368690490722656,19.424577713012695,18.945547103881836,19.656103134155273
BEN,2021-07-20,24.105449676513672,24.598739624023438,24.2041072845459,24.089008331298828,24.549413681030273,24.2041072845459,24.006793975830078,24.50008201599121,24.294544219970703,24.475419998168945,25.24823760986328,25.157806396484375,25.519554138183594,26.02928352355957,26.62945556640625,26.98297691345215,27.47626304626465,27.27895164489746,26.94186782836914,26.826772689819336,26.02928352355957,25.494884490966797,25.19891357421875,25.593542098999023,25.930625915527344,26.366363525390625,26.75277328491211,26.423913955688477,27.081632614135742,26.65411949157715,26.670560836791992
BEN,2022-09-19,21.229406356811523,20.98991584777832,20.741867065429688,20.279983520507812,20.023387908935547,19.5871639251709,19.364774703979492,19.706912994384766,19.230480194091797,18.64143943786621,19.438379287719727,20.287290573120117,20.200666427612305,19.88016128540039,18.927297592163086,18.814682006835938,18.520170211791992,18.28628158569336,19.2391414642334,18.80602264404297,19.256467819213867,19.507675170898438,19.273792266845703,18.83201026916504,19.51634407043457,19.767547607421875,20.313278198242188,20.313278198242188,20.192001342773438,20.547161102294922,20.313278198242188
BEN,2022-09-28,19.706912994384766,19.230480194091797,18.64143943786621,19.438379287719727,20.287290573120117,20.200666427612305,19.88016128540039,18.927297592163086,18.814682006835938,18.520170211791992,18.28628158569336,19.2391414642334,18.80602264404297,19.256467819213867,19.507675170898438,19.273792266845703,18.83201026916504,19.51634407043457,19.767547607421875,20.313278198242188,20.313278198242188,20.192001342773438,20.547161102294922,20.313278198242188,19.57697868347168,19.542322158813477,19.42105484008789,20.20932960510254,20.114042282104492,20.373916625976562,19.663597106933594
BEN,2022-10-03,19.438379287719727,20.287290573120117,20.200666427612305,19.88016128540039,18.927297592163086,18.814682006835938,18.520170211791992,18.28628158569336,19.2391414642334,18.80602264404297,19.256467819213867,19.507675170898438,19.273792266845703,18.83201026916504,19.51634407043457,19.767547607421875,20.313278198242188,20.313278198242188,20.192001342773438,20.547161102294922,20.313278198242188,19.57697868347168,19.542322158813477,19.42105484008789,20.20932960510254,20.114042282104492,20.373916625976562,19.663597106933594,22.18435287475586,23.674278259277344,22.920652389526367
BEN,2023-03-21,23.6071720123291,23.04634666442871,22.94995880126953,23.037586212158203,23.169029235839844,23.107690811157227,23.247892379760742,23.274484634399414,23.877174377441406,23.868310928344727,23.63787269592285,23.584693908691406,23.575830459594727,23.584693908691406,24.072160720825195,23.416292190551758,23.859447479248047,23.708776473999023,23.797409057617188,23.912626266479492,24.04557228088379,23.832855224609375,23.65559959411621,23.921489715576172,23.256757736206055,23.19471549987793,23.59355354309082,23.82399559020996,23.159265518188477,22.352724075317383,22.281814575195312
BEN,2023-05-17,21.67912483215332,21.865251541137695,21.705717086791992,21.812076568603516,21.59935760498047,21.342327117919922,21.501863479614258,21.812076568603516,21.90070343017578,21.280290603637695,21.6436767578125,22.175460815429688,22.193187713623047,22.813602447509766,23.274484634399414,23.17698860168457,23.371978759765625,23.39856719970703,23.921489715576172,23.859447479248047,24.196243286132812,23.903764724731445,23.39856719970703,23.159265518188477,22.565439224243164,22.627479553222656,22.90223503112793,23.62014389038086,23.64673614501953,24.02321434020996,23.942541122436523
BEN,2023-08-23,23.297142028808594,22.95651626586914,23.11786651611328,23.261287689208984,23.772228240966797,23.852903366088867,23.96943473815918,24.08596420288086,23.42263412475586,23.404708862304688,23.243356704711914,23.243356704711914,23.270248413085938,23.404708862304688,23.22542953491211,23.503311157226562,23.53020477294922,23.42263412475586,23.51227378845215,23.22542953491211,22.57106590270996,22.42764663696289,22.34697151184082,21.836029052734375,21.755353927612305,22.2000789642334,22.308992385864258,21.97317886352539,21.192636489868164,21.537527084350586,21.69182014465332
BEN,2023-09-28,22.2000789642334,22.308992385864258,21.97317886352539,21.192636489868164,21.537527084350586,21.69182014465332,21.77350616455078,21.682743072509766,21.864267349243164,21.510295867919922,20.766061782836914,20.557310104370117,20.82959747314453,21.17448616027832,20.775136947631836,20.539155960083008,20.47562599182129,20.185190200805664,20.47562599182129,20.20334243774414,20.648073196411133,20.375789642333984,20.430246353149414,20.684375762939453,20.466550827026367,21.35600471496582,22.00948143005371,21.62828826904297,21.37415885925293,21.41046142578125,20.874975204467773
BEN,2023-10-04,21.537527084350586,21.69182014465332,21.77350616455078,21.682743072509766,21.864267349243164,21.510295867919922,20.766061782836914,20.557310104370117,20.82959747314453,21.17448616027832,20.775136947631836,20.539155960083008,20.47562599182129,20.185190200805664,20.47562599182129,20.20334243774414,20.648073196411133,20.375789642333984,20.430246353149414,20.684375762939453,20.466550827026367,21.35600471496582,22.00948143005371,21.62828826904297,21.37415885925293,21.41046142578125,20.874975204467773,20.802364349365234,20.42116928100586,21.728126525878906,22.29084014892578
BEN,2023-10-16,20.82959747314453,21.17448616027832,20.775136947631836,20.539155960083008,20.47562599182129,20.185190200805664,20.47562599182129,20.20334243774414,20.648073196411133,20.375789642333984,20.430246353149414,20.684375762939453,20.466550827026367,21.35600471496582,22.00948143005371,21.62828826904297,21.37415885925293,21.41046142578125,20.874975204467773,20.802364349365234,20.42116928100586,21.728126525878906,22.29084014892578,22.281763076782227,22.027639389038086,21.964107513427734,21.492149353027344,21.673667907714844,21.619211196899414,21.519376754760742,21.755352020263672
BEN,2023-10-24,20.47562599182129,20.20334243774414,20.648073196411133,20.375789642333984,20.430246353149414,20.684375762939453,20.466550827026367,21.35600471496582,22.00948143005371,21.62828826904297,21.37415885925293,21.41046142578125,20.874975204467773,20.802364349365234,20.42116928100586,21.728126525878906,22.29084014892578,22.281763076782227,22.027639389038086,21.964107513427734,21.492149353027344,21.673667907714844,21.619211196899414,21.519376754760742,21.755352020263672,22.318069458007812,22.5086669921875,23.261980056762695,23.29828643798828,22.96247100830078,23.11676597595215
BEN,2024-05-03,21.691781997680664,21.728897094726562,21.617557525634766,21.784561157226562,22.39690589904785,22.025787353515625,22.220626831054688,22.656686782836914,22.74018669128418,22.415462493896484,22.526796340942383,22.211345672607422,22.146400451660156,22.044343948364258,21.4598331451416,21.64539337158203,21.40416717529297,21.09799575805664,21.39488983154297,21.895898818969727,21.710338592529297,21.75672721862793,21.63611602783203,21.5433349609375,21.237165451049805,21.200054168701172,20.838211059570312,20.949548721313477,20.374319076538086,20.253705978393555,20.559877395629883
BEN,2024-06-17,20.559877395629883,20.78254508972168,20.968107223510742,21.18149757385254,21.496946334838867,21.200054168701172,21.06088638305664,20.903160095214844,21.025455474853516,20.818490982055664,20.912567138671875,21.110122680664062,20.780864715576172,20.827899932861328,20.752639770507812,21.119531631469727,21.712194442749023,21.82508087158203,21.853302001953125,22.549449920654297,22.408336639404297,22.201377868652344,22.0978946685791,22.144929885864258,21.834487915039062,21.524044036865234,22.239004135131836,21.712194442749023,21.241823196411133,21.458194732666016,21.514638900756836
BEN,2024-12-20,19.56745719909668,19.53880500793457,19.939895629882812,20.016292572021484,19.729801177978516,19.506702423095703,19.681303024291992,19.53580093383789,19.797700881958008,19.400001525878906,19.147802352905273,19.20600128173828,18.546403884887695,18.42030143737793,18.827701568603516,19.041101455688477,18.81800079345703,18.973201751708984,19.225400924682617,19.273902893066406,19.390300750732422,19.487302780151367,19.700702667236328,19.671602249145508,19.44849967956543,19.545501708984375,21.57280158996582,20.098400115966797,20.185701370239258,20.030500411987305,19.972301483154297
BEN,2025-04-09,18.326780319213867,17.478500366210938,17.656047821044922,17.813867568969727,17.725093841552734,17.31081771850586,17.3700008392334,17.113544464111328,17.80400276184082,18.13936996459961,18.494462966918945,18.464872360229492,18.474735260009766,18.494462966918945,18.50432777404785,18.484600067138672,19.786609649658203,19.73729133605957,19.79647445678711,20.1811580657959,20.555980682373047,20.654617309570312,21.39439582824707,21.2858943939209,21.71003532409668,21.877717971801758,22.07499122619629,21.90730857849121,21.86785316467285,21.315486907958984,21.315486907958984
AMD,2016-01-21,2.0899999141693115,2.0199999809265137,2.119999885559082,2.069999933242798,2.130000114440918,2.0799999237060547,2.200000047683716,2.140000104904175,1.9900000095367432,2.069999933242798,2.0899999141693115,1.9800000190734863,1.9299999475479126,1.899999976158142,1.840000033378601,1.8600000143051147,1.8300000429153442,1.8300000429153442,1.899999976158142,1.909999966621399,1.909999966621399,2.009999990463257,1.9700000286102295,2.0199999809265137,2.0299999713897705,2.069999933242798,2.140000104904175,2.180000066757202,2.319999933242798,2.4600000381469727,2.369999885559082
AMD,2017-05-10,10.789999961853027,11.069999694824219,11.260000228881836,11.420000076293945,12.75,11.199999809265137,11.279999732971191,11.40999984741211,11.039999961853027,10.890000343322754,10.890000343322754,10.979999542236328,11.0,11.119999885559082,11.1899995803833,10.930000305175781,10.899999618530273,11.239999771118164,12.029999732971191,12.380000114440918,12.899999618530273,12.279999732971191,12.09000015258789,11.960000038146973,11.770000457763672,11.5,11.4399995803833,11.930000305175781,12.640000343322754,13.979999542236328,14.380000114440918
AMD,2017-11-03,11.119999885559082,11.930000305175781,12.050000190734863,11.710000038146973,11.119999885559082,11.260000228881836,11.09000015258789,11.119999885559082,11.069999694824219,11.25,11.380000114440918,11.34000015258789,11.399999618530273,11.369999885559082,11.380000114440918,11.550000190734863,11.170000076293945,10.829999923706055,10.890000343322754,10.729999542236328,10.029999732971191,9.90999984741211,10.0,10.039999961853027,9.9399995803833,10.15999984741211,9.899999618530273,10.109999656677246,10.130000114440918,10.289999961853027,10.979999542236328
AMD,2017-12-11,10.15999984741211,9.899999618530273,10.109999656677246,10.130000114440918,10.289999961853027,10.979999542236328,10.949999809265137,10.979999542236328,10.890000343322754,10.539999961853027,10.460000038146973,10.529999732971191,10.550000190734863,10.279999732971191,10.979999542236328,11.550000190734863,12.119999885559082,11.880000114440918,12.279999732971191,11.819999694824219,11.960000038146973,12.140000343322754,12.020000457763672,11.90999984741211,12.180000305175781,12.470000267028809,12.59000015258789,12.649999618530273,12.9399995803833,12.710000038146973,12.40999984741211
AMD,2018-03-29,10.050000190734863,9.529999732971191,9.550000190734863,9.770000457763672,10.020000457763672,9.609999656677246,9.529999732971191,9.979999542236328,9.819999694824219,10.079999923706055,9.930000305175781,10.09000015258789,10.520000457763672,10.359999656677246,10.109999656677246,9.989999771118164,10.039999961853027,10.09000015258789,9.710000038146973,11.039999961853027,11.109999656677246,10.880000114440918,11.130000114440918,10.970000267028809,10.930000305175781,11.279999732971191,11.59000015258789,11.609999656677246,11.949999809265137,12.130000114440918,11.949999809265137
AMD,2018-04-04,9.770000457763672,10.020000457763672,9.609999656677246,9.529999732971191,9.979999542236328,9.819999694824219,10.079999923706055,9.930000305175781,10.09000015258789,10.520000457763672,10.359999656677246,10.109999656677246,9.989999771118164,10.039999961853027,10.09000015258789,9.710000038146973,11.039999961853027,11.109999656677246,10.880000114440918,11.130000114440918,10.970000267028809,10.930000305175781,11.279999732971191,11.59000015258789,11.609999656677246,11.949999809265137,12.130000114440918,11.949999809265137,12.229999542236328,12.449999809265137,12.819999694824219
AMD,2018-10-31,18.209999084472656,20.219999313354492,20.229999542236328,19.899999618530273,20.68000030517578,21.84000015258789,21.200000762939453,21.030000686645508,19.030000686645508,19.610000610351562,20.809999465942383,21.489999771118164,20.65999984741211,19.110000610351562,19.209999084472656,18.729999542236328,19.3799991607666,20.079999923706055,21.049999237060547,21.34000015258789,21.43000030517578,21.299999237060547,23.709999084472656,21.1200008392334,21.299999237060547,19.459999084472656,19.989999771118164,19.979999542236328,20.479999542236328,19.860000610351562,19.899999618530273
AMD,2021-03-09,78.52999877929688,77.5199966430664,81.2300033569336,81.05000305175781,82.5,82.75,82.62999725341797,78.12000274658203,79.05999755859375,80.30000305175781,78.37999725341797,76.4800033569336,76.22000122070312,77.41000366210938,77.13999938964844,76.0,78.5,81.08999633789062,81.43000030517578,81.44000244140625,82.19999694824219,83.3499984741211,82.76000213623047,78.58000183105469,80.19000244140625,78.55000305175781,83.01000213623047,82.1500015258789,81.11000061035156,79.2699966430664,81.61000061035156
AMD,2022-01-31,114.25,116.77999877929688,122.76000213623047,120.08000183105469,123.5999984741211,123.66999816894531,128.22999572753906,132.85000610351562,125.7699966430664,113.18000030517578,114.2699966430664,121.47000122070312,117.69000244140625,112.37000274658203,113.83000183105469,115.6500015258789,109.76000213623047,116.61000061035156,121.05999755859375,123.33999633789062,113.83000183105469,118.27999877929688,111.9800033569336,108.41000366210938,102.94999694824219,105.52999877929688,111.05000305175781,106.45999908447266,104.29000091552734,102.25,109.33000183105469
AMD,2022-10-03,66.11000061035156,67.9000015258789,67.94000244140625,67.8499984741211,58.439998626708984,57.810001373291016,57.630001068115234,57.849998474121094,58.939998626708984,55.939998626708984,57.959999084472656,57.91999816894531,57.22999954223633,57.77000045776367,58.81999969482422,58.70000076293945,61.470001220703125,59.72999954223633,58.599998474121094,62.0099983215332,60.060001373291016,59.65999984741211,58.630001068115234,60.11000061035156,62.189998626708984,63.08000183105469,63.849998474121094,59.91999816894531,68.47000122070312,72.37000274658203,73.52999877929688
AMD,2022-10-17,57.959999084472656,57.91999816894531,57.22999954223633,57.77000045776367,58.81999969482422,58.70000076293945,61.470001220703125,59.72999954223633,58.599998474121094,62.0099983215332,60.060001373291016,59.65999984741211,58.630001068115234,60.11000061035156,62.189998626708984,63.08000183105469,63.849998474121094,59.91999816894531,68.47000122070312,72.37000274658203,73.52999877929688,76.37000274658203,72.69999694824219,73.9000015258789,73.56999969482422,72.45999908447266,75.25,76.4000015258789,75.13999938964844,73.19000244140625,73.38999938964844
AMD,2024-04-22,148.63999938964844,152.27000427246094,151.74000549316406,153.75999450683594,157.39999389648438,160.1999969482422,158.3800048828125,144.27000427246094,146.16000366210938,150.60000610351562,155.77999877929688,154.42999267578125,153.6199951171875,152.38999938964844,151.9199981689453,150.55999755859375,153.16000366210938,159.6699981689453,162.6199951171875,164.47000122070312,166.3300018310547,164.66000366210938,165.52000427246094,160.42999267578125,166.36000061035156,171.61000061035156,165.13999938964844,166.75,166.89999389648438,163.5500030517578,159.99000549316406
AMD,2024-07-26,139.99000549316406,139.75,138.44000244140625,144.47999572753906,132.5399932861328,132.5,134.82000732421875,130.17999267578125,128.6699981689453,136.32000732421875,134.27000427246094,136.77000427246094,141.1300048828125,140.75,147.36000061035156,148.55999755859375,155.27999877929688,156.39999389648438,157.80999755859375,151.6999969482422,154.97999572753906,149.99000549316406,150.5,146.36000061035156,145.49000549316406,148.55999755859375,136.94000244140625,140.8699951171875,139.44000244140625,134.35000610351562,138.14999389648438
AMD,2024-12-23,124.5999984741211,126.29000091552734,125.05999755859375,125.19000244140625,122.44000244140625,120.79000091552734,120.62999725341797,125.37000274658203,129.5500030517578,127.33000183105469,121.83999633789062,116.04000091552734,117.31999969482422,116.08999633789062,119.95999908447266,118.44000244140625,121.45999908447266,122.27999877929688,123.75,123.04000091552734,122.83999633789062,115.01000213623047,114.16999816894531,117.3499984741211,118.86000061035156,115.94999694824219,114.2699966430664,119.5,112.01000213623047,110.16000366210938,107.55999755859375
AMD,2025-03-04,100.75,101.66999816894531,98.8499984741211,100.30999755859375,96.62999725341797,96.76000213623047,100.79000091552734,98.11000061035156,100.97000122070312,104.58999633789062,103.51000213623047,106.2300033569336,107.13999938964844,106.44000244140625,113.8499984741211,114.80999755859375,110.19000244140625,106.6500015258789,103.22000122070312,102.73999786376953,102.77999877929688,102.95999908447266,93.80000305175781,85.76000213623047,83.63999938964844,78.20999908447266,96.83999633789062,88.69999694824219,93.4000015258789,94.5,95.29000091552734
AMD,2025-04-09,96.83999633789062,88.69999694824219,93.4000015258789,94.5,95.29000091552734,88.29000091552734,87.5,85.55999755859375,86.26000213623047,90.38999938964844,94.47000122070312,96.6500015258789,96.38999938964844,96.05999755859375,97.3499984741211,96.6500015258789,98.80000305175781,100.58999633789062,98.62000274658203,100.36000061035156,101.69999694824219,102.83999633789062,108.12000274658203,112.45999908447266,117.72000122070312,114.98999786376953,117.16999816894531,114.73999786376953,113.51000213623047,112.05999755859375,110.70999908447266
DOW,2020-01-29,36.618019104003906,35.73334884643555,33.96399688720703,34.457950592041016,35.42371368408203,36.57377624511719,36.27151870727539,35.40896224975586,35.52691650390625,35.96925735473633,36.40422439575195,35.60801315307617,35.85129928588867,35.19517135620117,35.06246566772461,35.94713592529297,35.60801315307617,34.089332580566406,32.40108108520508,31.737581253051758,29.639223098754883,30.283720016479492,31.040626525878906,30.396135330200195,31.407833099365234,30.05140495300293,29.204570770263672,22.879533767700195,23.531524658203125,20.976028442382812,17.73857307434082
DOW,2020-03-02,31.040626525878906,30.396135330200195,31.407833099365234,30.05140495300293,29.204570770263672,22.879533767700195,23.531524658203125,20.976028442382812,17.73857307434082,19.252384185791016,16.487058639526367,19.93434715270996,19.81443977355957,21.073450088500977,20.563852310180664,19.919357299804688,21.33574676513672,22.767126083374023,22.242534637451172,21.403196334838867,21.470645904541016,21.912790298461914,20.264089584350586,21.006006240844727,20.961042404174805,22.88703155517578,24.228473663330078,26.072031021118164,27.39848518371582,26.40176773071289,26.506685256958008
DOW,2020-03-17,19.93434715270996,19.81443977355957,21.073450088500977,20.563852310180664,19.919357299804688,21.33574676513672,22.767126083374023,22.242534637451172,21.403196334838867,21.470645904541016,21.912790298461914,20.264089584350586,21.006006240844727,20.961042404174805,22.88703155517578,24.228473663330078,26.072031021118164,27.39848518371582,26.40176773071289,26.506685256958008,24.15353012084961,23.703886032104492,25.045333862304688,23.62894630432129,23.141828536987305,23.86125946044922,24.400842666625977,24.820507049560547,25.809730529785156,26.881389617919922,28.080453872680664
DOW,2021-06-21,50.555667877197266,50.86809158325195,50.58771514892578,50.555667877197266,50.699867248535156,50.387451171875,50.45153045654297,50.69185256958008,50.86809158325195,50.8760986328125,49.61040115356445,49.86675262451172,49.19384765625,50.53164291381836,50.64379119873047,50.227237701416016,49.922828674316406,49.594390869140625,48.07234191894531,46.29397201538086,46.95885467529297,47.84804916381836,48.448848724365234,48.152462005615234,49.67448425292969,49.626426696777344,49.56234359741211,50.147125244140625,49.79465103149414,49.04165267944336,49.850738525390625
DOW,2021-07-20,46.95885467529297,47.84804916381836,48.448848724365234,48.152462005615234,49.67448425292969,49.626426696777344,49.56234359741211,50.147125244140625,49.79465103149414,49.04165267944336,49.850738525390625,48.8574104309082,48.86540985107422,49.66648483276367,49.52229309082031,50.563690185546875,51.46088790893555,51.27663803100586,51.020294189453125,50.72390365600586,49.91482162475586,49.57035446166992,48.50492858886719,48.77729034423828,49.714542388916016,50.67583084106445,51.16448974609375,50.988258361816406,52.37409973144531,51.80729293823242,50.932769775390625
DOW,2021-09-22,45.588470458984375,46.503482818603516,46.00144577026367,48.333492279052734,48.14725112915039,47.6290283203125,46.60874557495117,47.434688568115234,47.15937423706055,47.85574722290039,46.28485107421875,47.37799835205078,47.539947509765625,47.15127182006836,46.7545051574707,46.08241271972656,47.56424331665039,47.74238204956055,47.734291076660156,47.92863082885742,48.49543762207031,47.98530197143555,47.288936614990234,47.539947509765625,47.539947509765625,45.345550537109375,45.80710983276367,45.32126235961914,46.511573791503906,47.34560775756836,47.81526184082031
DOW,2022-07-07,43.82331466674805,43.068904876708984,42.758750915527344,42.264190673828125,41.63550567626953,40.99006652832031,41.534915924072266,42.30610275268555,43.9658203125,44.049644470214844,43.085662841796875,42.62462615966797,43.23655319213867,43.00184631347656,43.78978729248047,43.840084075927734,44.60289001464844,43.974205017089844,43.211402893066406,43.16111373901367,42.741981506347656,43.16111373901367,43.71434783935547,44.192142486572266,45.29862594604492,46.321285247802734,46.88290023803711,46.38833999633789,47.033790588378906,46.48893737792969,46.95835494995117
DOW,2022-07-18,42.30610275268555,43.9658203125,44.049644470214844,43.085662841796875,42.62462615966797,43.23655319213867,43.00184631347656,43.78978729248047,43.840084075927734,44.60289001464844,43.974205017089844,43.211402893066406,43.16111373901367,42.741981506347656,43.16111373901367,43.71434783935547,44.192142486572266,45.29862594604492,46.321285247802734,46.88290023803711,46.38833999633789,47.033790588378906,46.48893737792969,46.95835494995117,46.51408386230469,45.60878372192383,46.623046875,45.466278076171875,46.74040603637695,45.650691986083984,44.90465545654297
DOW,2022-09-28,38.2628059387207,37.50689697265625,37.31155014038086,38.458152770996094,39.59627151489258,39.120643615722656,38.6619987487793,37.7192268371582,38.1184196472168,37.32853317260742,37.209625244140625,39.00172805786133,38.322261810302734,38.441162109375,39.392433166503906,38.33074951171875,38.16088104248047,39.80860900878906,39.9529914855957,40.64095687866211,40.75986862182617,40.44560623168945,40.32670211791992,39.69819641113281,39.85956954956055,39.85956954956055,39.48585510253906,41.643184661865234,42.04237365722656,42.16976547241211,40.49657440185547
DOW,2023-03-20,44.69426345825195,45.39179611206055,44.79890060424805,45.0343132019043,45.14765548706055,45.33948516845703,46.13291549682617,46.73453140258789,47.08330535888672,47.79827117919922,48.24295425415039,47.30999755859375,47.641326904296875,47.65876770019531,48.66147232055664,48.99279022216797,49.603126525878906,49.62929153442383,49.26308822631836,49.611854553222656,49.50722122192383,49.21077346801758,48.56555938720703,47.84186935424805,48.29526138305664,45.77543640136719,45.845191955566406,46.6473503112793,47.432071685791016,47.17921829223633,46.89148712158203
DOW,2023-06-01,43.326210021972656,45.63399124145508,45.5367317199707,46.50052261352539,47.63230895996094,46.668514251708984,45.74894332885742,45.80199432373047,46.98683547973633,46.695045471191406,47.2874641418457,47.0045166015625,45.90809631347656,45.87273025512695,45.43946838378906,45.41294479370117,45.93462371826172,46.48283386230469,46.827674865722656,47.07525634765625,47.092933654785156,47.5527229309082,46.72157287597656,46.65967559814453,46.95146942138672,47.101776123046875,47.234413146972656,47.844520568847656,47.93293380737305,46.792301177978516,46.359046936035156
DOW,2024-07-08,49.13770294189453,48.00233459472656,48.12331008911133,48.774757385253906,49.24007797241211,49.57510757446289,50.905921936035156,51.56667709350586,50.9710693359375,50.161415100097656,50.64533996582031,50.31962203979492,49.621639251708984,49.18423843383789,49.19355010986328,49.19355010986328,49.965972900390625,50.69187545776367,49.58441162109375,48.40250015258789,47.47186279296875,48.839900970458984,48.55140686035156,49.0167236328125,49.00741958618164,48.59794235229492,49.10048294067383,49.10048294067383,50.13349151611328,50.17071533203125,49.92875671386719
DOW,2024-10-28,47.24835968017578,46.65433883666992,46.522335052490234,46.560054779052734,46.1734619140625,45.21171569824219,45.16456985473633,45.588871002197266,46.10746383666992,43.83509063720703,43.627655029296875,42.4678955078125,42.420753479003906,42.04359436035156,41.52500534057617,41.69472122192383,41.15727615356445,41.42128372192383,42.25102996826172,42.86390686035156,43.25049591064453,41.9964485168457,42.090736389160156,42.3493766784668,42.51222229003906,42.023681640625,41.04661178588867,40.41438674926758,40.222808837890625,40.931663513183594,40.40481185913086
DOW,2024-11-07,46.10746383666992,43.83509063720703,43.627655029296875,42.4678955078125,42.420753479003906,42.04359436035156,41.52500534057617,41.69472122192383,41.15727615356445,41.42128372192383,42.25102996826172,42.86390686035156,43.25049591064453,41.9964485168457,42.090736389160156,42.3493766784668,42.51222229003906,42.023681640625,41.04661178588867,40.41438674926758,40.222808837890625,40.931663513183594,40.40481185913086,39.7534294128418,39.542686462402344,39.14036560058594,38.42192840576172,38.86256790161133,38.46024703979492,37.45443344116211,38.25908279418945
DOW,2024-11-21,42.25102996826172,42.86390686035156,43.25049591064453,41.9964485168457,42.090736389160156,42.3493766784668,42.51222229003906,42.023681640625,41.04661178588867,40.41438674926758,40.222808837890625,40.931663513183594,40.40481185913086,39.7534294128418,39.542686462402344,39.14036560058594,38.42192840576172,38.86256790161133,38.46024703979492,37.45443344116211,38.25908279418945,38.28782272338867,38.40277099609375,38.52730178833008,38.34529495239258,37.78012466430664,38.44108963012695,37.885494232177734,37.7418098449707,38.07707977294922,37.75138854980469
DOW,2024-12-09,40.931663513183594,40.40481185913086,39.7534294128418,39.542686462402344,39.14036560058594,38.42192840576172,38.86256790161133,38.46024703979492,37.45443344116211,38.25908279418945,38.28782272338867,38.40277099609375,38.52730178833008,38.34529495239258,37.78012466430664,38.44108963012695,37.885494232177734,37.7418098449707,38.07707977294922,37.75138854980469,37.28200912475586,36.87968826293945,38.00044250488281,38.393192291259766,38.69972610473633,39.149940490722656,39.31278991699219,39.83006286621094,39.102046966552734,39.724693298339844,39.62889862060547
DOW,2024-12-20,38.25908279418945,38.28782272338867,38.40277099609375,38.52730178833008,38.34529495239258,37.78012466430664,38.44108963012695,37.885494232177734,37.7418098449707,38.07707977294922,37.75138854980469,37.28200912475586,36.87968826293945,38.00044250488281,38.393192291259766,38.69972610473633,39.149940490722656,39.31278991699219,39.83006286621094,39.102046966552734,39.724693298339844,39.62889862060547,40.15575408935547,39.67679214477539,39.32236862182617,36.927581787109375,37.40653991699219,35.80682373046875,36.927581787109375,36.35283660888672,37.13832473754883
DOW,2025-04-09,29.13398551940918,26.62647247314453,27.738754272460938,28.177810668945312,27.02650260925293,26.802093505859375,27.465560913085938,27.436290740966797,28.29489517211914,28.29489517211914,29.036415100097656,29.29009437561035,29.2217960357666,29.904775619506836,29.846235275268555,29.787694931030273,29.680368423461914,28.246110916137695,28.099756240844727,27.758268356323242,28.5290584564209,28.76322364807129,30.22675132751465,30.02185821533203,29.436447143554688,29.173011779785156,29.455961227416992,29.377906799316406,29.06568717956543,28.05097198486328,27.972917556762695
