Date,Open,High,Low,Close,Volume,Ticker,Adj Close
2024-06-18,216.5771221156608,217.61228945527094,212.008492058615,213.29248046875,79943300.0,AAPL,
2024-06-20,212.93416556238657,213.24273529474334,207.87782592387282,208.70394897460938,86172500.0,AAPL,
2024-06-21,209.41064929966387,210.90366690915465,206.14591867526494,206.52415466308594,246421400.0,AAPL,
2024-06-24,206.75309943026167,211.70991411236912,205.6283545307824,207.171142578125,80727000.0,AAPL,
2024-06-25,208.1764159984445,210.3960464470149,207.6389363414956,208.0968017578125,56713900.0,AAPL,
2024-06-26,210.51548557795786,213.8598456726642,209.65948819693895,212.25733947753906,66213200.0,AAPL,
2024-06-27,213.69065882378794,214.73577429887092,211.36155475092565,213.10340881347656,49772700.0,AAPL,
2024-06-28,214.76559269472423,215.06419922920637,209.3210543856748,209.63955688476562,82542700.0,AAPL,
2024-07-01,211.10273143743845,216.4974998735104,210.933524598722,215.7410430908203,60402900.0,AAPL,
2024-07-02,215.1438274713018,219.35414798734178,214.09872731420612,219.24465942382812,58046200.0,AAPL,
2024-07-03,218.97591935149836,220.51870727539062,218.01043340115498,220.51870727539062,37369800.0,AAPL,
2024-07-05,220.61823649717394,225.39589603978789,220.61823649717394,225.28640747070312,60412400.0,AAPL,
2024-07-08,226.03290864697604,226.78938062149984,222.21078721739227,226.759521484375,59085900.0,AAPL,
2024-07-09,226.8690002119573,228.33215871662,225.3162642938077,227.61550903320312,48076100.0,AAPL,
2024-07-10,228.23264496613547,231.9950484021832,228.18287467129386,231.8955078125,62627700.0,AAPL,
2024-07-11,230.31290687462652,231.30825199534104,224.7190721562944,226.5106964111328,64710600.0,AAPL,
2024-07-12,227.85438851986095,231.55707334519846,227.61550023869842,229.4668426513672,53046500.0,AAPL,
2024-07-15,235.37920328245679,236.12571210202407,232.00498402552307,233.3088836669922,62631300.0,AAPL,
2024-07-16,233.90608352734432,235.17017597600105,231.24851410299036,233.7269287109375,43234300.0,AAPL,
2024-07-17,228.38191396445072,230.38256719376508,225.5849968618027,227.8145751953125,57345900.0,AAPL,
2024-07-18,229.2080862674353,229.36734514090358,221.23537686298488,223.136474609375,66034600.0,AAPL,
2024-07-19,223.773474302542,225.74425318618754,222.24063446922685,223.26583862304688,49151500.0,AAPL,
2024-07-22,225.9532706718539,226.71969060050867,222.051519961604,222.91748046875,48201800.0,AAPL,
2024-07-23,223.32558043665784,225.88362469345716,221.6434447483752,223.9626007080078,39960300.0,AAPL,
2024-07-24,222.95731148702538,223.75359063703135,216.11929523141325,217.52272033691406,61777600.0,AAPL,
2024-07-25,217.91089956980477,219.8219755631398,213.62096453779796,216.4776153564453,51391200.0,AAPL,
2024-07-26,217.6819649471348,218.46829606182757,215.0044842643322,216.94541931152344,41601300.0,AAPL,
2024-07-29,215.95008057489312,218.27918447457574,214.74570631572197,217.22412109375,36311800.0,AAPL,
2024-07-30,218.16969337819762,219.30438617677734,215.11397665237357,217.78150939941406,41643800.0,AAPL,
2024-07-31,220.40921389598267,222.77814001369308,219.60298682237814,221.04623413085938,50036300.0,AAPL,
2024-08-01,223.3255700813178,223.43505864730554,216.0097928775357,217.3435516357422,62501000.0,AAPL,
2024-08-02,218.12987665236415,224.54986481713928,216.69659243938975,218.83657836914062,105568600.0,AAPL,
2024-08-05,198.16324716744046,212.506173331003,195.0876345333798,208.29586791992188,119548600.0,AAPL,
2024-08-06,204.3443568031922,209.0125278604179,200.13405118519225,206.26536560058594,69660500.0,AAPL,
2024-08-07,205.9369016050796,212.64553325809877,205.4292810556757,208.84332275390625,63516400.0,AAPL,
2024-08-08,212.1179811495676,213.20290359333654,207.85790561211314,212.31704711914062,47161100.0,AAPL,
2024-08-09,211.1127158331721,215.77092392101787,210.98331610147795,215.2334442138672,42201600.0,AAPL,
2024-08-12,215.31315848368175,218.7410960979999,214.8448035806853,216.76803588867188,38028100.0,AAPL,
2024-08-13,218.2428407360094,221.11275746457662,218.2428407360094,220.49493408203125,44155300.0,AAPL,
2024-08-14,219.7973936824548,222.24876826808693,218.93043078284688,220.943359375,41960600.0,AAPL,
2024-08-15,223.81327127421198,224.56064415441705,221.97970491871703,223.93284606933594,46414000.0,AAPL,
2024-08-16,223.1356500786779,226.03546056539557,222.86659157853387,225.25819396972656,44340200.0,AAPL,
2024-08-19,224.92935218120843,225.19841068626937,222.25873174304007,225.0987548828125,40687800.0,AAPL,
2024-08-20,224.9791850293864,226.3742750764108,224.6602986155859,225.71658325195312,30299000.0,AAPL,
2024-08-21,225.72653885026273,227.18141617539888,224.2616868222014,225.60694885253906,34765500.0,AAPL,
2024-08-22,226.9920904114928,227.5401669123529,223.11571691317775,223.74351501464844,43695300.0,AAPL,
2024-08-23,224.86956599566977,227.42059644239848,223.5442228703079,226.04542541503906,38677300.0,AAPL,
2024-08-26,225.96568932825608,226.48387210620078,223.10574735994538,226.38421630859375,30602200.0,AAPL,
2024-08-27,225.20835892301574,228.04838192077386,224.1022464634546,227.2312469482422,35934600.0,AAPL,
2024-08-28,227.1216236092518,229.05483047059747,224.8894645684117,225.69664001464844,38052200.0,AAPL,
2024-08-29,229.29401907737392,232.10413336375854,228.07829123837303,228.98509216308594,51906300.0,AAPL,
2024-08-30,229.38369482859366,229.59295072736154,226.68318070354871,228.19786071777344,52990800.0,AAPL,
2024-09-03,227.7494219919808,228.19784265919515,220.39526831044307,221.9896697998047,50190600.0,AAPL,
2024-09-04,220.88356101217042,221.00313580397116,216.71819503548093,220.07640075683594,43840200.0,AAPL,
2024-09-05,220.85365562251366,224.690160307972,220.7440403340526,221.6010284423828,36615400.0,AAPL,
2024-09-06,223.16555001573386,224.45103994819866,219.000198922793,220.04652404785156,48423000.0,AAPL,
2024-09-09,220.04650359994196,220.4949242674857,215.95089978640883,220.1361846923828,67180000.0,AAPL,
2024-09-10,218.1531703875452,220.7042008473601,215.97083903478983,219.33900451660156,51591000.0,AAPL,
2024-09-11,220.6842571655674,222.3085371188772,217.12675517633116,221.8800506591797,44587100.0,AAPL,
2024-09-12,221.72061131734026,222.7669363444001,219.05000630879996,221.9896697998047,37498200.0,AAPL,
2024-09-13,222.7968456308755,223.25522582753553,221.13269713278441,221.7206268310547,36766600.0,AAPL,
2024-09-16,215.78148650258865,216.45911247240775,213.17066883128115,215.56227111816406,59357400.0,AAPL,
2024-09-17,214.99425879157621,216.1402244248995,213.74863736172932,216.03060913085938,45519300.0,AAPL,
2024-09-18,216.7879611815548,221.9298901997397,216.777986478492,219.91696166992188,59894900.0,AAPL,
2024-09-19,224.20191472936153,229.01499812075548,223.84317512238368,228.0683135986328,66781300.0,AAPL,
2024-09-20,229.1644542640561,232.27352055331795,226.82267984404155,227.40065002441406,318679900.0,AAPL,
2024-09-23,226.54365969576136,228.64626930220686,225.01902026418153,225.6767120361328,54146000.0,AAPL,
2024-09-24,227.8490778167103,228.5466380182851,224.93930782860403,226.5735626220703,43556100.0,AAPL,
2024-09-25,224.14211370551686,226.49384776666977,223.23531278607823,225.5770721435547,42308700.0,AAPL,
2024-09-26,226.50380712846774,227.69960067739044,224.62042810744603,226.72303771972656,36636700.0,AAPL,
2024-09-27,227.6597471643239,228.71603171782343,226.50380681299467,226.99208068847656,34026000.0,AAPL,
2024-09-30,229.23421467656505,232.18385314941406,228.84558136748996,232.18385314941406,54541900.0,AAPL,
2024-10-01,228.71603627902877,228.84557057238277,222.9562838134916,225.41763305664062,63285000.0,AAPL,
2024-10-02,225.09875954956593,226.5735711981907,222.23881735408233,225.9856414794922,32880600.0,AAPL,
2024-10-03,224.35137431302277,226.01552277761738,222.53775735368686,224.8795166015625,34044200.0,AAPL,
2024-10-04,227.1017072618697,227.20136306464835,223.3449237414969,226.0055694580078,37245100.0,AAPL,
2024-10-07,223.7136221153256,224.8994562199718,220.55472780586587,220.91346740722656,39505400.0,AAPL,
2024-10-08,223.51431968732726,225.1884276449642,222.46799461113406,224.9791717529297,31855700.0,AAPL,
2024-10-09,224.44106139019914,228.94523301761674,224.0424685900414,228.7359619140625,33591100.0,AAPL,
2024-10-10,226.98213565099735,228.6961120865482,226.37427173832708,228.2377166748047,28183500.0,AAPL,
2024-10-11,228.4968150773993,228.60643037956845,226.54367384020586,226.75294494628906,31759200.0,AAPL,
2024-10-14,227.89890830734765,230.91829362955485,227.79926770980506,230.48980712890625,39882100.0,AAPL,
2024-10-15,232.79170373632726,236.65811760908664,231.5560417756155,233.03086853027344,64751400.0,AAPL,
2024-10-16,230.78874694170784,231.3069145139278,229.0349022193022,230.96810913085938,34082200.0,AAPL,
2024-10-17,232.6123377292532,233.0308799404877,229.71254238803704,231.33682250976562,32993800.0,AAPL,
2024-10-18,235.35269346424636,235.35269346424636,233.19029643777657,234.1768341064453,46431500.0,AAPL,
2024-10-21,233.62876897482323,236.02037141360947,233.62876897482323,235.6516571044922,36254500.0,AAPL,
2024-10-22,233.07072804715946,235.3925683333293,231.7852533575211,235.03382873535156,38846600.0,AAPL,
2024-10-23,233.26006870913344,234.31635331873264,226.96219904424217,229.95169067382812,52287000.0,AAPL,
2024-10-24,229.17442995295067,230.01149918679397,227.60993720006027,229.7623748779297,31109500.0,AAPL,
2024-10-25,228.935262581316,232.40306843409212,228.76585988907573,230.5994110107422,38802300.0,AAPL,
2024-10-28,232.50273684103132,233.9077863541258,231.73542973016842,232.5824432373047,36087100.0,AAPL,
2024-10-29,232.28350596136286,233.50919327337175,231.50623935322642,232.85150146484375,35417200.0,AAPL,
2024-10-30,231.7951933609985,232.6521814837961,228.74591463730954,229.2939910888672,47070900.0,AAPL,
2024-10-31,228.53666090957242,229.02495000446748,224.5805658660821,225.11868286132812,64370100.0,AAPL,
2024-11-01,220.1959740256502,224.56063636026596,219.4984290694042,222.12918090820312,65276700.0,AAPL,
2024-11-04,220.21591416091667,222.0095968952219,218.94039900502227,221.23233032226562,44944500.0,AAPL,
2024-11-05,221.02308305755813,223.1655459656629,220.36539125313263,222.66729736328125,28111300.0,AAPL,
2024-11-06,221.83023455712816,225.27812143912794,220.41521040716108,221.93984985351562,54561100.0,AAPL,
2024-11-07,223.8431738287627,227.081789771112,223.7833864288354,226.6831817626953,42137700.0,AAPL,
2024-11-08,226.6233197345054,228.10973956989392,225.8651541338214,226.41383361816406,38328800.0,AAPL,
2024-11-11,224.4585504714927,225.15686291743452,220.96697301971395,223.69039916992188,42005600.0,AAPL,
2024-11-12,224.00963641496367,225.04712701721013,222.82249764582772,223.69039916992188,40398300.0,AAPL,
2024-11-13,223.47093284409854,226.10457929193407,222.2239408664857,224.57826232910156,48566200.0,AAPL,
2024-11-14,224.47851048945301,228.3192366196321,224.45855435577516,227.67080688476562,44923900.0,AAPL,
2024-11-15,225.8551667084814,226.3739196007606,223.73030286311794,224.4585418701172,47923700.0,AAPL,
2024-11-18,224.70794459457642,229.18714506333228,224.62813528483125,227.47128295898438,44686000.0,AAPL,
2024-11-19,226.43377721041003,229.60613257977118,226.11455519341968,227.73065185546875,36211800.0,AAPL,
2024-11-20,227.51117324017346,229.37666823104936,225.34639715216647,228.44891357421875,35169600.0,AAPL,
2024-11-21,228.3292117939797,229.60613029336434,225.16684213362325,227.97007751464844,42108300.0,AAPL,
2024-11-22,227.51117639639193,230.16477882059493,227.51117639639193,229.3168182373047,38168300.0,AAPL,
2024-11-25,230.9030055193102,232.68869124314412,229.1871434272115,232.30960083007812,90152800.0,AAPL,
2024-11-26,232.76849125195545,235.00310615337486,232.76849125195545,234.49432373046875,45986200.0,AAPL,
2024-11-27,233.90577001446655,235.12283541072824,233.24735459247512,234.36465454101562,33498400.0,AAPL,
2024-11-29,234.24494059041535,237.2377212602243,233.40696565616557,236.75888061523438,28481400.0,AAPL,
2024-12-02,236.69901868412032,240.21053691361496,236.58928278806928,239.013427734375,48137100.0,AAPL,
2024-12-03,239.232908507596,242.1758064568113,238.32509471728144,242.06607055664062,38861000.0,AAPL,
2024-12-04,242.28553892887177,243.5225604021956,240.66944226019712,242.42520141601562,44383900.0,AAPL,
2024-12-05,243.40284992887905,243.95151419061432,241.54732536132988,242.4551239013672,40033900.0,AAPL,
2024-12-06,242.32543882662802,244.04130085085734,241.49743440151175,242.25559997558594,36870600.0,AAPL,
2024-12-09,241.24804586880077,246.64503053466012,241.16823655952678,246.1562042236328,44649200.0,AAPL,
2024-12-10,246.2958646584201,247.612695417372,244.7495916510093,247.1737518310547,36914800.0,AAPL,
2024-12-11,247.36328368802742,250.196445491468,245.6673626102133,245.89682006835938,45205800.0,AAPL,
2024-12-12,246.2958641332418,248.1414182384854,245.08876927344312,247.36329650878906,32777500.0,AAPL,
2024-12-13,247.223631137632,248.69007959411312,245.647431564018,247.5328826904297,33155300.0,AAPL,
2024-12-16,247.3932192907539,250.7750606707362,247.05402592958802,250.4358673095703,51694800.0,AAPL,
2024-12-17,249.47818331943677,253.21915892963332,249.1789022262073,252.8699951171875,51356400.0,AAPL,
2024-12-18,251.55318925842403,253.66808268004456,247.14382766353577,247.4530792236328,56774100.0,AAPL,
2024-12-19,246.90440599607692,251.3935770141874,246.49538898335234,249.1888885498047,60882300.0,AAPL,
2024-12-20,247.44310326755718,254.3863612366688,245.09876750312787,253.87759399414062,147495300.0,AAPL,
2024-12-23,254.15691915529422,255.03479114956258,252.8400883307868,254.6557159423828,40858800.0,AAPL,
2024-12-24,254.87518901917565,257.58862955018265,254.67565812568793,257.57867431640625,23234700.0,AAPL,
2024-12-26,257.56867823862046,259.47408555117545,257.0100282923795,258.39666748046875,27237100.0,AAPL,
2024-12-27,257.20952960207876,258.0774615569102,252.4510193654514,254.9749298095703,42355300.0,AAPL,
2024-12-30,251.62302046123375,252.8899685500744,250.14658624824915,251.5930938720703,35557500.0,AAPL,
2024-12-31,251.8325261089863,252.670501064015,248.82975968702823,249.8173828125,39480700.0,AAPL,
2025-01-02,248.3309608077005,248.5005651105234,241.23808511721737,243.26319885253906,55740700.0,AAPL,
2025-01-03,242.7743682861328,243.5923870862029,241.3079045417172,242.7743682861328,40244100.0,AAPL,
2025-01-06,243.72207367593157,246.73481040856498,242.61474424512696,244.41041564941406,45045600.0,AAPL,
2025-01-07,242.3952722906863,244.9590949760797,240.76920518354387,241.62713623046875,40856000.0,AAPL,
2025-01-08,241.33781457710975,243.12351544341067,239.47231962725974,242.11593627929688,37628900.0,AAPL,
2025-01-10,239.4324132245663,239.58206138453855,232.4392881886217,236.280029296875,61710900.0,AAPL,
2025-01-13,232.96802072299363,234.10527676213235,229.16719172961072,233.83592224121094,49630700.0,AAPL,
2025-01-14,234.1850763475817,235.55177458449063,231.9105643637605,232.71861267089844,39435300.0,AAPL,
2025-01-15,234.07533889356793,238.38495013235746,233.86583756026477,237.2975616455078,39832000.0,AAPL,
2025-01-16,236.77883010316478,237.4372302632713,227.4812511099753,227.710693359375,71759100.0,AAPL,
2025-01-17,231.5614090278119,231.73099810398455,227.93016912923343,229.4265594482422,68488300.0,AAPL,
2025-01-21,223.46094530610958,223.87993275191027,218.85206818023312,222.10421752929688,98070400.0,AAPL,
2025-01-22,219.26106511921876,223.58064673096774,219.26106511921876,223.29135131835938,64126500.0,AAPL,
2025-01-23,224.19918327232872,226.4836658384098,221.76505253825962,223.1217803955078,60234800.0,AAPL,
2025-01-24,224.23906824814947,225.08702882156655,220.877182986192,222.24388122558594,54697900.0,AAPL,
2025-01-27,223.48089669223063,231.59132137138346,223.44098442848647,229.3068389892578,94863400.0,AAPL,
2025-01-28,230.2944737209622,239.61199368769647,230.25456145518996,237.68663024902344,75707600.0,AAPL,
2025-01-29,233.55660081590926,239.2827933650634,233.4468649147594,238.78399658203125,45486100.0,AAPL,
2025-01-30,238.09563705158317,240.21053038482776,236.63915907674937,237.0182342529297,55658300.0,AAPL,
2025-01-31,246.59515764263173,246.59515764263173,232.87824601959832,235.4320831298828,101075100.0,AAPL,
2025-02-03,229.43654993330725,231.27211844312274,225.15686500690927,227.4613037109375,73063300.0,AAPL,
2025-02-04,226.70312948058964,232.5689843025687,226.10456727432145,232.23977661132812,45067300.0,AAPL,
2025-02-05,227.98004730881974,232.11008389811693,227.72067847197073,231.9105682373047,39620300.0,AAPL,
2025-02-06,230.7334042435517,233.23737378273856,229.875473186273,232.6587677001953,29925300.0,AAPL,
2025-02-07,232.04025529180169,233.43688010961284,226.71309440770742,227.08221435546875,39707200.0,AAPL,
2025-02-10,229.26935130196645,230.2880044885276,226.90244480659103,227.3518524169922,33115600.0,AAPL,
2025-02-11,227.90114370319637,234.92193591818142,227.83124330015124,232.3153533935547,53718400.0,AAPL,
2025-02-12,230.89721134547665,236.64967765066982,230.377888084301,236.55978393554688,45243300.0,AAPL,
2025-02-13,236.5997394445533,242.02262084431055,235.2614980047627,241.21368408203125,53614100.0,AAPL,
2025-02-14,240.93404435379279,245.22841586050225,240.67439035154717,244.2796630859375,40896200.0,AAPL,
2025-02-18,243.83025306858283,244.85890295305822,241.52328070167576,244.14984130859375,48822500.0,AAPL,
2025-02-19,244.33958470767533,245.68780753699892,242.84154918255663,244.54930114746094,32204200.0,AAPL,
2025-02-20,244.61922281669615,246.4568094488268,243.9700649298591,245.508056640625,32316900.0,AAPL,
2025-02-21,245.6278941258364,248.36431123309396,244.89885442060717,245.22842407226562,53197400.0,AAPL,
2025-02-24,244.609226181644,248.53408727873096,244.09989957647335,246.77639770507812,51326400.0,AAPL,
2025-02-25,247.67521063757022,249.67259136851834,244.58926106556868,246.71646118164062,48013300.0,AAPL,
2025-02-26,244.01001367840516,244.65915630674968,238.8168269352331,240.0452117919922,44433600.0,AAPL,
2025-02-27,239.09646458024955,242.14247324939222,236.74953612071198,236.98922729492188,41153600.0,AAPL,
2025-02-28,236.63967447024518,241.77294223985544,229.89851463379637,241.5232696533203,56833400.0,AAPL,
2025-03-03,241.47333193183624,243.71040379171194,235.80077808405883,237.71826171875,47184000.0,AAPL,
2025-03-04,237.39870037793833,239.75561031847352,234.3726544629493,235.6210174560547,53798100.0,AAPL,
2025-03-05,235.11168617953675,236.2402111793479,228.92979032203158,235.4312744140625,47227600.0,AAPL,
2025-03-06,234.13297099659667,237.54849020730907,232.8546485518437,235.0218048095703,45170400.0,AAPL,
2025-03-07,234.80209169163373,241.05388787370777,234.45254396930395,238.7569122314453,46273600.0,AAPL,
2025-03-10,235.23152514577004,235.85072354308846,223.92635798057333,227.1820831298828,72071200.0,AAPL,
2025-03-11,223.51689291637274,225.54423318142804,217.16522145004404,220.55078125,76137400.0,AAPL,
2025-03-12,219.85169651198805,221.4595886104368,214.6285501658544,216.69583129882812,62547500.0,AAPL,
2025-03-13,215.6671885752157,216.55602242060417,208.14705109128238,209.4053955078125,61368300.0,AAPL,
2025-03-14,210.97334672214788,213.66980775083542,209.30553558500114,213.21041870117188,60107600.0,AAPL,
2025-03-17,213.0306430192638,214.93814530685134,209.69502079955336,213.71974182128906,48073400.0,AAPL,
2025-03-18,213.87952928252258,214.8682229774316,211.21302787332291,212.4114532470703,42432400.0,AAPL,
2025-03-19,213.93944620866878,218.47349365471302,213.470060528986,214.95811462402344,54385400.0,AAPL,
2025-03-20,213.70975404736055,217.20517028159983,211.94206785632258,213.81961059570312,48862900.0,AAPL,
2025-03-21,211.2829271905112,218.5533916912833,211.0032951126973,217.98414611816406,94127800.0,AAPL,
2025-03-24,220.71056863168138,221.1899357355996,218.29373979930335,220.44091796875,44299500.0,AAPL,
2025-03-25,220.48087718007702,223.80651793975238,219.79177838679217,223.45697021484375,34493600.0,AAPL,
2025-03-26,223.21727075576553,224.7253029108424,220.18125884970436,221.2398681640625,34466100.0,AAPL,
2025-03-27,221.1000540446544,224.69534536875565,220.271139232742,223.5568389892578,37094800.0,AAPL,
2025-03-28,221.3796909591809,223.51688772665744,217.39491092445158,217.6146240234375,39818600.0,AAPL,
2025-03-31,216.72579102857173,225.32451569687797,215.9468137615173,221.83909606933594,65299300.0,AAPL,
2025-04-01,219.5221267668628,223.3870536043053,218.61331487709137,222.897705078125,36412700.0,AAPL,
2025-04-02,221.03016017035932,224.89508702876748,220.73055001137135,223.59678649902344,35905900.0,AAPL,
2025-04-03,205.27081771109022,207.2182761783418,200.9864426085102,202.9239044189453,103419000.0,AAPL,
2025-04-04,193.6360793511012,199.61824028069563,187.09465424061224,188.13330078125,125910900.0,AAPL,
2025-04-07,176.967935484531,193.89573468350994,174.39131242893686,181.2223663330078,160466300.0,AAPL,
2025-04-08,186.4554964395268,190.09072892121037,168.9884109270566,172.19419860839844,120859500.0,AAPL,
2025-04-09,171.72480450043201,200.3472738997123,171.6648855169899,198.58958435058594,184395900.0,AAPL,
2025-04-10,188.82240088513313,194.52491452460524,182.76034285398336,190.17062377929688,121880000.0,AAPL,
2025-04-11,185.856281088865,199.27866665425725,185.81632494094944,197.89048767089844,87435900.0,AAPL,
2025-04-14,211.1630921847052,212.6611277249045,200.8965565016436,202.25477600097656,101352900.0,AAPL,
2025-04-15,201.59564256833872,203.24347561495443,199.53834280484799,201.87527465820312,51343900.0,AAPL,
2025-04-16,198.10021911176236,200.4371508814261,192.11805840887246,194.0155792236328,59732400.0,AAPL,
2025-04-17,196.94174374665747,198.56961397436802,194.16538565496842,196.72203063964844,51334300.0,AAPL,
2025-04-21,193.01688474432112,193.54618940120912,189.56140949031536,192.9070281982422,46742500.0,AAPL,
2025-04-22,195.8631544964882,201.32599215129426,195.71335703344474,199.47842407226562,52976400.0,AAPL,
2025-04-23,205.7302222309065,207.7276030292648,202.5344160012944,204.33206176757812,52929200.0,AAPL,
2025-04-24,204.62166872266098,208.5565112075726,202.67422555441442,208.09710693359375,47311000.0,AAPL,
2025-04-25,206.0997277622984,209.47530610539675,205.92995222724628,209.00592041015625,38222300.0,AAPL,
2025-04-28,209.72497582911666,211.2230113707532,207.1883090170199,209.8647918701172,38743100.0,AAPL,
2025-04-29,208.41669143858087,211.96204522644123,208.09710321217068,210.9333953857422,36827600.0,AAPL,
2025-04-30,209.02590396975114,213.30029766677714,206.399343338795,212.22171020507812,52286500.0,AAPL,
2025-05-01,208.80618155790114,214.2790004444518,208.62640936955898,213.04063415527344,57365700.0,AAPL,
2025-05-02,205.82009105417706,206.71892151455646,201.89524528415058,205.08106994628906,101010600.0,AAPL,
2025-05-05,202.83402512431957,203.83271551835597,197.9504297070337,198.62953186035156,69018500.0,AAPL,
2025-05-06,197.9504203457911,200.38721199140494,196.7619763948813,198.25001525878906,51216500.0,AAPL,
2025-05-07,198.90915494694545,199.1788056079939,192.99690991055434,195.99298095703125,68536700.0,AAPL,
2025-05-08,197.46106353953903,199.78801395815432,194.42503624466005,197.2313690185547,50478900.0,AAPL,
2025-05-09,198.739389980464,200.2773664943336,197.28129528859796,198.27000427246094,36453900.0,AAPL,
2025-05-12,210.97000122070312,211.27000427246094,206.75,210.7899932861328,63775800.0,AAPL,
2025-05-13,210.42999267578125,213.39999389648438,209.0,212.92999267578125,51909300.0,AAPL,
2025-05-14,212.42999267578125,213.94000244140625,210.5800018310547,212.3300018310547,49325800.0,AAPL,
2025-05-15,210.9499969482422,212.9600067138672,209.5399932861328,211.4499969482422,45029500.0,AAPL,
2025-05-16,212.36000061035156,212.57000732421875,209.77000427246094,211.25999450683594,54737900.0,AAPL,
2025-05-19,207.91000366210938,209.47999572753906,204.25999450683594,208.77999877929688,46140500.0,AAPL,
2025-05-20,207.6699981689453,208.47000122070312,205.02999877929688,206.86000061035156,42496600.0,AAPL,
2025-05-21,205.1699981689453,207.0399932861328,200.7100067138672,202.08999633789062,59211800.0,AAPL,
2025-05-22,200.7100067138672,202.75,199.6999969482422,201.36000061035156,46742400.0,AAPL,
2025-05-23,193.6699981689453,197.6999969482422,193.4600067138672,195.27000427246094,78432900.0,AAPL,
2025-05-27,198.3000030517578,200.74000549316406,197.42999267578125,200.2100067138672,56288500.0,AAPL,
2025-05-28,200.58999633789062,202.72999572753906,199.89999389648438,200.4199981689453,45339700.0,AAPL,
2025-05-29,203.5800018310547,203.80999755859375,198.50999450683594,199.9499969482422,51396800.0,AAPL,
2025-05-30,199.3699951171875,201.9600067138672,196.77999877929688,200.85000610351562,70819900.0,AAPL,
2025-06-02,200.27999877929688,202.1300048828125,200.1199951171875,201.6999969482422,35423300.0,AAPL,
2025-06-03,201.35000610351562,203.77000427246094,200.9600067138672,203.27000427246094,46381600.0,AAPL,
2025-06-04,202.91000366210938,206.24000549316406,202.10000610351562,202.82000732421875,43604000.0,AAPL,
2025-06-05,203.5,204.75,200.14999389648438,200.6300048828125,55126100.0,AAPL,
2025-06-06,203.0,205.6999969482422,202.0500030517578,203.9199981689453,46607700.0,AAPL,
2025-06-09,204.38999938964844,206.0,200.02000427246094,201.4499969482422,72862600.0,AAPL,
2025-06-10,200.60000610351562,204.35000610351562,200.57000732421875,202.6699981689453,54672600.0,AAPL,
2025-06-11,203.5,204.5,198.41000366210938,198.77999877929688,60989900.0,AAPL,
2025-06-12,199.0800018310547,199.67999267578125,197.36000061035156,199.1999969482422,43904600.0,AAPL,
2025-06-13,199.72999572753906,200.3699951171875,195.6999969482422,196.4499969482422,51447300.0,AAPL,
2025-06-16,197.3000030517578,198.69000244140625,196.55999755859375,198.4199981689453,43020700.0,AAPL,
2025-06-17,197.1999969482422,198.38890075683594,195.2100067138672,195.63999938964844,38772936.0,AAPL,
2024-06-18,514.7100219726562,530.3699951171875,513.1300048828125,522.25,4225900.0,ADBE,
2024-06-20,527.6699829101562,533.22998046875,520.4000244140625,522.9500122070312,5752400.0,ADBE,
2024-06-21,530.3099975585938,535.0,524.719970703125,533.4400024414062,6614100.0,ADBE,
2024-06-24,532.0999755859375,534.5800170898438,523.47998046875,524.1699829101562,3067800.0,ADBE,
2024-06-25,526.2000122070312,529.6799926757812,522.239990234375,526.8800048828125,3144200.0,ADBE,
2024-06-26,528.5800170898438,530.6599731445312,526.010009765625,528.6599731445312,2931700.0,ADBE,
2024-06-27,533.2100219726562,549.1599731445312,532.0999755859375,546.760009765625,4734100.0,ADBE,
2024-06-28,549.7000122070312,558.47998046875,548.010009765625,555.5399780273438,5084500.0,ADBE,
2024-07-01,551.3699951171875,561.2100219726562,549.72998046875,560.010009765625,3070200.0,ADBE,
2024-07-02,560.0,570.1400146484375,560.0,567.7100219726562,3054500.0,ADBE,
2024-07-03,564.2899780273438,571.8300170898438,564.0,570.1500244140625,1664400.0,ADBE,
2024-07-05,570.9099731445312,580.5499877929688,568.9199829101562,578.3400268554688,2808600.0,ADBE,
2024-07-08,573.1799926757812,576.75,563.9199829101562,575.4000244140625,3007400.0,ADBE,
2024-07-09,573.0499877929688,575.010009765625,562.4600219726562,566.02001953125,2167600.0,ADBE,
2024-07-10,564.7100219726562,566.9299926757812,558.2100219726562,564.5499877929688,2368400.0,ADBE,
2024-07-11,564.0,572.6199951171875,557.0900268554688,557.6300048828125,3189200.0,ADBE,
2024-07-12,555.0999755859375,562.489990234375,552.3200073242188,559.0499877929688,2014000.0,ADBE,
2024-07-15,560.22998046875,568.22998046875,560.22998046875,565.7100219726562,1887800.0,ADBE,
2024-07-16,564.5999755859375,570.0999755859375,562.0800170898438,566.5399780273438,1539900.0,ADBE,
2024-07-17,563.9299926757812,565.0,556.4600219726562,563.0900268554688,2316300.0,ADBE,
2024-07-18,564.1799926757812,564.260009765625,556.0700073242188,556.8499755859375,2184700.0,ADBE,
2024-07-19,557.0499877929688,561.0900268554688,548.9600219726562,551.0,2601900.0,ADBE,
2024-07-22,558.6500244140625,560.1900024414062,552.7100219726562,554.8200073242188,2391700.0,ADBE,
2024-07-23,556.489990234375,557.25,544.4400024414062,546.010009765625,2363900.0,ADBE,
2024-07-24,543.7999877929688,544.7100219726562,530.3499755859375,531.0399780273438,2630100.0,ADBE,
2024-07-25,536.7999877929688,542.280029296875,527.5900268554688,532.1500244140625,2136500.0,ADBE,
2024-07-26,535.3499755859375,545.5,533.3300170898438,542.4400024414062,2090000.0,ADBE,
2024-07-29,544.2999877929688,544.2999877929688,535.1900024414062,536.6099853515625,1590600.0,ADBE,
2024-07-30,541.8499755859375,543.6699829101562,530.9500122070312,538.7100219726562,1566900.0,ADBE,
2024-07-31,547.0499877929688,555.5499877929688,543.77001953125,551.6500244140625,2776000.0,ADBE,
2024-08-01,549.989990234375,561.97998046875,540.239990234375,546.4099731445312,2075400.0,ADBE,
2024-08-02,535.780029296875,536.8400268554688,519.6799926757812,526.1699829101562,2729100.0,ADBE,
2024-08-05,504.2300109863281,515.9000244140625,500.0,509.32000732421875,3432200.0,ADBE,
2024-08-06,513.6900024414062,519.1599731445312,509.010009765625,514.2000122070312,2076300.0,ADBE,
2024-08-07,520.9500122070312,531.010009765625,512.8599853515625,513.6199951171875,1663700.0,ADBE,
2024-08-08,520.5900268554688,531.0700073242188,519.5599975585938,530.239990234375,2155100.0,ADBE,
2024-08-09,528.02001953125,537.280029296875,528.02001953125,536.2999877929688,1272600.0,ADBE,
2024-08-12,536.0399780273438,538.0800170898438,525.77001953125,530.9299926757812,1450300.0,ADBE,
2024-08-13,530.9299926757812,537.719970703125,527.9000244140625,535.219970703125,3063900.0,ADBE,
2024-08-14,536.6199951171875,542.9199829101562,533.2000122070312,539.7899780273438,1915600.0,ADBE,
2024-08-15,545.1900024414062,557.219970703125,545.010009765625,554.1599731445312,2182400.0,ADBE,
2024-08-16,552.3499755859375,554.760009765625,547.7999877929688,553.4600219726562,1541600.0,ADBE,
2024-08-19,550.5900268554688,563.77001953125,550.5900268554688,563.1199951171875,1423300.0,ADBE,
2024-08-20,564.47998046875,568.1799926757812,559.6099853515625,562.25,1219600.0,ADBE,
2024-08-21,562.1300048828125,566.5999755859375,557.9099731445312,565.7899780273438,1401700.0,ADBE,
2024-08-22,567.0700073242188,572.0,555.6500244140625,557.4400024414062,1627700.0,ADBE,
2024-08-23,565.4500122070312,566.52001953125,552.5,558.2999877929688,2023500.0,ADBE,
2024-08-26,555.030029296875,560.260009765625,555.030029296875,559.4400024414062,1387500.0,ADBE,
2024-08-27,554.4000244140625,569.52001953125,554.3400268554688,567.8200073242188,1404400.0,ADBE,
2024-08-28,568.219970703125,569.5900268554688,557.6699829101562,560.5399780273438,1289700.0,ADBE,
2024-08-29,567.0499877929688,578.4000244140625,567.0499877929688,569.6300048828125,1955600.0,ADBE,
2024-08-30,572.2000122070312,575.6500244140625,568.2899780273438,574.4099731445312,1983000.0,ADBE,
2024-09-03,576.2999877929688,586.7000122070312,566.7899780273438,571.0399780273438,2757900.0,ADBE,
2024-09-04,568.8699951171875,578.8599853515625,565.760009765625,575.25,1615800.0,ADBE,
2024-09-05,570.75,573.3900146484375,562.530029296875,567.9299926757812,1573600.0,ADBE,
2024-09-06,570.9000244140625,573.3099975585938,558.0,563.4099731445312,2096800.0,ADBE,
2024-09-09,567.6900024414062,574.5700073242188,564.4400024414062,569.8800048828125,1997100.0,ADBE,
2024-09-10,576.75,577.7999877929688,567.1400146484375,574.47998046875,2030100.0,ADBE,
2024-09-11,573.010009765625,581.239990234375,559.3499755859375,580.3800048828125,2681000.0,ADBE,
2024-09-12,581.4500122070312,587.75,572.97998046875,586.5499877929688,5605300.0,ADBE,
2024-09-13,532.5700073242188,540.27001953125,526.5999755859375,536.8699951171875,10423500.0,ADBE,
2024-09-16,537.4000244140625,537.6900024414062,521.260009765625,521.5,5248200.0,ADBE,
2024-09-17,524.2899780273438,527.0999755859375,514.5800170898438,515.030029296875,5164100.0,ADBE,
2024-09-18,517.010009765625,517.5800170898438,506.489990234375,508.1300048828125,3997300.0,ADBE,
2024-09-19,518.8099975585938,527.47998046875,518.02001953125,526.4400024414062,3582500.0,ADBE,
2024-09-20,526.4400024414062,528.6300048828125,515.719970703125,522.2999877929688,6100700.0,ADBE,
2024-09-23,525.7100219726562,532.0,524.9600219726562,527.8699951171875,2107000.0,ADBE,
2024-09-24,527.719970703125,530.2999877929688,521.7100219726562,524.0700073242188,2842100.0,ADBE,
2024-09-25,526.02001953125,526.1799926757812,516.239990234375,517.9000244140625,3211600.0,ADBE,
2024-09-26,520.510009765625,521.3599853515625,512.1099853515625,515.3800048828125,3282400.0,ADBE,
2024-09-27,516.52001953125,516.6799926757812,512.2999877929688,515.47998046875,2718300.0,ADBE,
2024-09-30,513.8300170898438,518.469970703125,511.739990234375,517.780029296875,2587000.0,ADBE,
2024-10-01,517.4500122070312,519.0,502.5,502.79998779296875,3730000.0,ADBE,
2024-10-02,503.8699951171875,510.19000244140625,502.82000732421875,505.80999755859375,1981600.0,ADBE,
2024-10-03,501.0199890136719,509.80999755859375,498.5899963378906,503.79998779296875,1921600.0,ADBE,
2024-10-04,507.2900085449219,508.55999755859375,503.5899963378906,507.2200012207031,1949300.0,ADBE,
2024-10-07,503.9599914550781,504.8699951171875,486.3999938964844,487.29998779296875,4870500.0,ADBE,
2024-10-08,492.45001220703125,500.0,486.3999938964844,496.239990234375,3551600.0,ADBE,
2024-10-09,495.8800048828125,495.8800048828125,492.32000732421875,494.0799865722656,2869400.0,ADBE,
2024-10-10,490.5400085449219,506.45001220703125,489.3500061035156,503.57000732421875,2775100.0,ADBE,
2024-10-11,504.7799987792969,507.9800109863281,494.8999938964844,495.4200134277344,2992400.0,ADBE,
2024-10-14,501.79998779296875,514.260009765625,500.4100036621094,509.6499938964844,3411500.0,ADBE,
2024-10-15,513.8200073242188,517.77001953125,506.79998779296875,508.0299987792969,3605700.0,ADBE,
2024-10-16,506.3900146484375,506.8399963378906,500.25,502.5400085449219,1859100.0,ADBE,
2024-10-17,506.510009765625,507.5,495.2300109863281,496.8299865722656,2769200.0,ADBE,
2024-10-18,491.2900085449219,499.0,491.04998779296875,494.8999938964844,2011100.0,ADBE,
2024-10-21,494.6000061035156,500.6499938964844,492.9599914550781,497.7099914550781,1679700.0,ADBE,
2024-10-22,496.42999267578125,497.3399963378906,488.3599853515625,493.1099853515625,2388700.0,ADBE,
2024-10-23,492.0,493.8299865722656,483.3900146484375,485.0299987792969,2021300.0,ADBE,
2024-10-24,486.6300048828125,488.4700012207031,480.05999755859375,482.8699951171875,2100300.0,ADBE,
2024-10-25,483.4200134277344,488.3399963378906,482.5199890136719,483.7200012207031,2426800.0,ADBE,
2024-10-28,487.6499938964844,488.489990234375,480.4800109863281,481.0400085449219,2302300.0,ADBE,
2024-10-29,481.9200134277344,487.55999755859375,479.3299865722656,485.3900146484375,2089500.0,ADBE,
2024-10-30,482.239990234375,492.20001220703125,482.239990234375,486.67999267578125,2728600.0,ADBE,
2024-10-31,486.0,486.04998779296875,477.3800048828125,478.0799865722656,2978700.0,ADBE,
2024-11-01,475.4100036621094,485.1600036621094,475.04998779296875,482.79998779296875,2851600.0,ADBE,
2024-11-04,479.0299987792969,483.760009765625,477.3699951171875,481.3500061035156,1954900.0,ADBE,
2024-11-05,483.0899963378906,486.6600036621094,480.4700012207031,486.4200134277344,1588100.0,ADBE,
2024-11-06,492.92999267578125,506.2099914550781,492.92999267578125,504.8299865722656,2969900.0,ADBE,
2024-11-07,510.6600036621094,510.6600036621094,495.29998779296875,500.9200134277344,2640300.0,ADBE,
2024-11-08,503.8299865722656,505.0,493.69000244140625,494.67999267578125,2856900.0,ADBE,
2024-11-11,493.6000061035156,507.7200012207031,493.6000061035156,504.4800109863281,3536600.0,ADBE,
2024-11-12,504.3900146484375,528.9099731445312,504.2699890136719,526.4199829101562,4125300.0,ADBE,
2024-11-13,523.7899780273438,539.9199829101562,520.5900268554688,532.5,3470200.0,ADBE,
2024-11-14,530.5499877929688,534.6400146484375,523.4600219726562,529.8699951171875,3098800.0,ADBE,
2024-11-15,520.2999877929688,524.5,498.80999755859375,503.3699951171875,4612400.0,ADBE,
2024-11-18,505.0,505.510009765625,497.69000244140625,499.510009765625,2259700.0,ADBE,
2024-11-19,496.0,502.4100036621094,495.4599914550781,499.6099853515625,1961700.0,ADBE,
2024-11-20,505.4100036621094,506.3599853515625,494.6099853515625,499.5,1874900.0,ADBE,
2024-11-21,502.1000061035156,508.57000732421875,493.1000061035156,504.44000244140625,2002100.0,ADBE,
2024-11-22,502.5,513.3699951171875,502.5,512.1500244140625,2287200.0,ADBE,
2024-11-25,519.0900268554688,523.2100219726562,513.1900024414062,518.72998046875,3320000.0,ADBE,
2024-11-26,519.9500122070312,525.760009765625,516.3599853515625,525.2999877929688,2415700.0,ADBE,
2024-11-27,523.2100219726562,525.8800048828125,508.7200012207031,513.6799926757812,2324200.0,ADBE,
2024-11-29,517.6500244140625,517.6500244140625,513.5800170898438,515.9299926757812,1450200.0,ADBE,
2024-12-02,512.8499755859375,518.77001953125,511.5299987792969,516.2000122070312,2006900.0,ADBE,
2024-12-03,511.0400085449219,516.780029296875,504.510009765625,516.260009765625,2119300.0,ADBE,
2024-12-04,523.02001953125,541.77001953125,521.010009765625,536.489990234375,3307000.0,ADBE,
2024-12-05,534.4199829101562,540.1099853515625,529.7899780273438,538.219970703125,2629100.0,ADBE,
2024-12-06,544.1500244140625,554.3699951171875,542.9000244140625,552.9600219726562,2964100.0,ADBE,
2024-12-09,556.0999755859375,557.9000244140625,546.1099853515625,547.9299926757812,3588700.0,ADBE,
2024-12-10,547.3499755859375,552.8300170898438,544.219970703125,547.0499877929688,2762900.0,ADBE,
2024-12-11,547.0499877929688,552.2999877929688,541.739990234375,549.9299926757812,6690600.0,ADBE,
2024-12-12,487.5,494.0,470.8999938964844,474.6300048828125,17344900.0,ADBE,
2024-12-13,473.9800109863281,474.9100036621094,456.79998779296875,465.69000244140625,11395500.0,ADBE,
2024-12-16,467.19000244140625,473.6199951171875,461.20001220703125,461.5299987792969,5807000.0,ADBE,
2024-12-17,460.5899963378906,465.8599853515625,452.4800109863281,455.2300109863281,7514500.0,ADBE,
2024-12-18,453.239990234375,455.25,441.1000061035156,441.30999755859375,6511100.0,ADBE,
2024-12-19,443.4100036621094,449.0,437.1099853515625,437.3900146484375,6479500.0,ADBE,
2024-12-20,433.0199890136719,451.4200134277344,432.4700012207031,447.1700134277344,8220000.0,ADBE,
2024-12-23,447.0,451.42999267578125,443.4200134277344,446.739990234375,3781200.0,ADBE,
2024-12-24,446.5,448.8699951171875,442.57000732421875,447.94000244140625,1685000.0,ADBE,
2024-12-26,445.8500061035156,452.3399963378906,444.67999267578125,450.1600036621094,2131200.0,ADBE,
2024-12-27,446.8800048828125,449.9100036621094,441.1099853515625,446.4800109863281,2947200.0,ADBE,
2024-12-30,442.94000244140625,447.6000061035156,438.57000732421875,445.79998779296875,3473200.0,ADBE,
2024-12-31,446.3500061035156,448.5,442.80999755859375,444.67999267578125,2285100.0,ADBE,
2025-01-02,447.760009765625,450.1199951171875,440.55999755859375,441.0,2504700.0,ADBE,
2025-01-03,429.45001220703125,433.29998779296875,425.32000732421875,430.57000732421875,5617000.0,ADBE,
2025-01-06,431.8800048828125,436.4100036621094,427.7900085449219,431.17999267578125,3994400.0,ADBE,
2025-01-07,431.3699951171875,435.17999267578125,420.510009765625,422.6300048828125,4181400.0,ADBE,
2025-01-08,417.3399963378906,422.6600036621094,415.510009765625,419.5799865722656,3508800.0,ADBE,
2025-01-10,410.0,413.1000061035156,405.32000732421875,405.9200134277344,5564300.0,ADBE,
2025-01-13,404.2699890136719,409.9599914550781,403.75,408.5,4558800.0,ADBE,
2025-01-14,407.25,412.75,405.07000732421875,412.7099914550781,3577100.0,ADBE,
2025-01-15,421.70001220703125,423.9700012207031,415.6600036621094,417.2799987792969,4345800.0,ADBE,
2025-01-16,418.2099914550781,428.8900146484375,418.0,426.92999267578125,4185600.0,ADBE,
2025-01-17,434.3500061035156,435.989990234375,425.70001220703125,429.989990234375,4012700.0,ADBE,
2025-01-21,433.260009765625,439.9800109863281,431.5,436.3599853515625,3833300.0,ADBE,
2025-01-22,438.0,439.7300109863281,433.42999267578125,437.32000732421875,3391600.0,ADBE,
2025-01-23,435.8800048828125,437.7300109863281,432.489990234375,437.2799987792969,2716700.0,ADBE,
2025-01-24,437.2799987792969,441.8800048828125,434.7300109863281,435.3800048828125,2631800.0,ADBE,
2025-01-27,430.2300109863281,445.45001220703125,430.1199951171875,438.6000061035156,5086300.0,ADBE,
2025-01-28,436.2699890136719,445.80999755859375,431.6400146484375,442.8399963378906,5376400.0,ADBE,
2025-01-29,439.9200134277344,444.3599853515625,438.8299865722656,441.67999267578125,2997600.0,ADBE,
2025-01-30,439.6700134277344,448.4200134277344,439.2300109863281,446.0,3290100.0,ADBE,
2025-01-31,446.9800109863281,447.010009765625,435.8299865722656,437.45001220703125,4689100.0,ADBE,
2025-02-03,437.79998779296875,442.739990234375,430.8800048828125,438.6000061035156,3348700.0,ADBE,
2025-02-04,435.42999267578125,443.5799865722656,434.260009765625,440.2300109863281,2647700.0,ADBE,
2025-02-05,440.75,444.95001220703125,436.2699890136719,437.6300048828125,2937800.0,ADBE,
2025-02-06,437.6300048828125,439.9599914550781,434.3500061035156,435.3999938964844,2568100.0,ADBE,
2025-02-07,436.239990234375,441.0,432.4100036621094,433.07000732421875,2693500.0,ADBE,
2025-02-10,439.25,453.3699951171875,439.0,451.1000061035156,3946700.0,ADBE,
2025-02-11,449.0,461.54998779296875,448.2900085449219,458.82000732421875,3257000.0,ADBE,
2025-02-12,458.0,463.0,451.29998779296875,462.760009765625,3308500.0,ADBE,
2025-02-13,465.2099914550781,465.70001220703125,457.0299987792969,459.2200012207031,2794400.0,ADBE,
2025-02-14,463.3500061035156,464.989990234375,458.0,460.1600036621094,2623000.0,ADBE,
2025-02-18,462.6499938964844,464.3299865722656,453.07000732421875,464.1099853515625,2973800.0,ADBE,
2025-02-19,463.6099853515625,463.6099853515625,455.32000732421875,456.989990234375,2965500.0,ADBE,
2025-02-20,457.44000244140625,461.0,451.57000732421875,454.69000244140625,2337600.0,ADBE,
2025-02-21,453.2799987792969,453.75,440.69000244140625,444.32000732421875,3376000.0,ADBE,
2025-02-24,445.1099853515625,446.2799987792969,440.9100036621094,444.4200134277344,2807900.0,ADBE,
2025-02-25,443.4700012207031,447.489990234375,439.1700134277344,443.4100036621094,2612700.0,ADBE,
2025-02-26,443.79998779296875,447.6499938964844,438.3999938964844,441.5,1947600.0,ADBE,
2025-02-27,441.7900085449219,444.57000732421875,436.82000732421875,437.19000244140625,2340200.0,ADBE,
2025-02-28,438.1600036621094,440.3699951171875,432.1000061035156,438.55999755859375,3936900.0,ADBE,
2025-03-03,440.6499938964844,448.0899963378906,438.2099914550781,440.7200012207031,2607700.0,ADBE,
2025-03-04,439.25,448.82000732421875,434.70001220703125,446.0299987792969,2942200.0,ADBE,
2025-03-05,443.6499938964844,453.260009765625,443.1099853515625,451.239990234375,2406200.0,ADBE,
2025-03-06,444.7300109863281,452.19000244140625,441.19000244140625,444.7799987792969,2732100.0,ADBE,
2025-03-07,442.0,452.510009765625,440.989990234375,449.3999938964844,3039500.0,ADBE,
2025-03-10,443.1099853515625,444.5400085449219,433.2300109863281,435.0799865722656,4001600.0,ADBE,
2025-03-11,432.8800048828125,441.3299865722656,431.0,433.6600036621094,3145200.0,ADBE,
2025-03-12,436.69000244140625,443.8999938964844,435.5,438.6000061035156,5515900.0,ADBE,
2025-03-13,405.2699890136719,405.7699890136719,374.5,377.8399963378906,14386600.0,ADBE,
2025-03-14,379.75,396.3599853515625,377.79998779296875,394.739990234375,6134800.0,ADBE,
2025-03-17,394.1199951171875,399.94000244140625,387.1300048828125,399.3399963378906,4258500.0,ADBE,
2025-03-18,395.3599853515625,395.95001220703125,384.57000732421875,391.3699951171875,4297300.0,ADBE,
2025-03-19,394.1000061035156,395.260009765625,387.0,387.8900146484375,4349900.0,ADBE,
2025-03-20,386.8999938964844,397.82000732421875,385.79998779296875,389.6099853515625,4009500.0,ADBE,
2025-03-21,384.1300048828125,389.8500061035156,382.45001220703125,387.260009765625,7607300.0,ADBE,
2025-03-24,392.4700012207031,396.8599853515625,391.3800048828125,394.4700012207031,5223000.0,ADBE,
2025-03-25,393.57000732421875,404.32000732421875,392.989990234375,403.6400146484375,3648600.0,ADBE,
2025-03-26,403.0,404.5,397.010009765625,397.80999755859375,3425000.0,ADBE,
2025-03-27,397.44000244140625,401.4800109863281,392.510009765625,396.1499938964844,2729700.0,ADBE,
2025-03-28,393.8900146484375,396.9200134277344,384.760009765625,385.7099914550781,3830300.0,ADBE,
2025-03-31,380.0,384.79998779296875,374.6700134277344,383.5299987792969,3960700.0,ADBE,
2025-04-01,381.1300048828125,384.0,375.5299987792969,383.20001220703125,3847800.0,ADBE,
2025-04-02,378.2799987792969,388.0,376.5400085449219,385.7799987792969,2859100.0,ADBE,
2025-04-03,371.8800048828125,376.010009765625,366.2900085449219,367.25,5324400.0,ADBE,
2025-04-04,359.0,361.7300109863281,348.79998779296875,349.07000732421875,5867600.0,ADBE,
2025-04-07,335.5400085449219,358.3599853515625,332.010009765625,340.70001220703125,7690900.0,ADBE,
2025-04-08,350.1000061035156,350.739990234375,333.8299865722656,340.0,6650800.0,ADBE,
2025-04-09,338.739990234375,365.7200012207031,333.42999267578125,364.6400146484375,7186300.0,ADBE,
2025-04-10,360.9700012207031,362.5,341.5199890136719,350.04998779296875,5695000.0,ADBE,
2025-04-11,351.44000244140625,353.1000061035156,342.3500061035156,352.4700012207031,3941800.0,ADBE,
2025-04-14,359.510009765625,362.04998779296875,348.5,350.9100036621094,3286000.0,ADBE,
2025-04-15,351.04998779296875,356.489990234375,349.19000244140625,350.3800048828125,3030400.0,ADBE,
2025-04-16,345.0,350.3800048828125,341.30999755859375,344.19000244140625,3687900.0,ADBE,
2025-04-17,349.75,351.8800048828125,345.0899963378906,348.79998779296875,5206500.0,ADBE,
2025-04-21,344.57000732421875,346.67999267578125,338.6400146484375,343.2200012207031,3691200.0,ADBE,
2025-04-22,349.1400146484375,352.0799865722656,344.3699951171875,349.9100036621094,3250400.0,ADBE,
2025-04-23,358.1199951171875,363.0,349.79998779296875,351.9599914550781,3168000.0,ADBE,
2025-04-24,353.5899963378906,361.1199951171875,353.25,360.9100036621094,3085100.0,ADBE,
2025-04-25,361.70001220703125,369.30999755859375,359.989990234375,367.7200012207031,3499300.0,ADBE,
2025-04-28,368.04998779296875,370.989990234375,364.5799865722656,368.6199951171875,3163400.0,ADBE,
2025-04-29,367.2099914550781,373.8800048828125,366.8800048828125,370.9800109863281,2198300.0,ADBE,
2025-04-30,366.8699951171875,376.0,363.55999755859375,374.9800109863281,3305500.0,ADBE,
2025-05-01,378.29998779296875,380.44000244140625,374.07000732421875,374.6300048828125,2848800.0,ADBE,
2025-05-02,380.0899963378906,383.55999755859375,379.19000244140625,380.8699951171875,2340700.0,ADBE,
2025-05-05,379.2900085449219,384.5400085449219,378.3999938964844,381.05999755859375,2095600.0,ADBE,
2025-05-06,376.57000732421875,386.5199890136719,375.04998779296875,382.9800109863281,2970100.0,ADBE,
2025-05-07,384.70001220703125,387.8299865722656,380.95001220703125,384.9700012207031,2153000.0,ADBE,
2025-05-08,388.29998779296875,388.7300109863281,383.3999938964844,383.989990234375,3383900.0,ADBE,
2025-05-09,386.17999267578125,388.7699890136719,382.3299865722656,383.2799987792969,2031300.0,ADBE,
2025-05-12,394.3299865722656,397.82000732421875,392.760009765625,395.94000244140625,3157700.0,ADBE,
2025-05-13,395.8999938964844,399.6700134277344,394.7099914550781,397.3999938964844,2664100.0,ADBE,
2025-05-14,396.8500061035156,400.1199951171875,396.4200134277344,399.4700012207031,2409200.0,ADBE,
2025-05-15,399.3500061035156,404.8500061035156,399.3500061035156,404.69000244140625,2763800.0,ADBE,
2025-05-16,414.6199951171875,421.7699890136719,412.05999755859375,417.1300048828125,5391500.0,ADBE,
2025-05-19,413.5299987792969,421.2699890136719,413.20001220703125,420.67999267578125,3008000.0,ADBE,
2025-05-20,417.8699951171875,419.1300048828125,414.2900085449219,417.6099853515625,2453000.0,ADBE,
2025-05-21,414.8599853515625,422.95001220703125,412.5899963378906,414.0299987792969,2495800.0,ADBE,
2025-05-22,412.510009765625,417.8999938964844,412.510009765625,414.3299865722656,1889500.0,ADBE,
2025-05-23,409.1099853515625,411.45001220703125,407.1499938964844,407.69000244140625,2087700.0,ADBE,
2025-05-27,412.760009765625,414.95001220703125,411.6000061035156,413.1000061035156,2680400.0,ADBE,
2025-05-28,413.80999755859375,416.3699951171875,411.4200134277344,412.2300109863281,2246500.0,ADBE,
2025-05-29,414.0,415.4200134277344,410.4700012207031,413.3599853515625,1780400.0,ADBE,
2025-05-30,414.1400146484375,417.8599853515625,411.5299987792969,415.0899963378906,4231300.0,ADBE,
2025-06-02,408.8800048828125,410.0,396.7300109863281,403.3999938964844,4153700.0,ADBE,
2025-06-03,403.4599914550781,412.6400146484375,402.4800109863281,412.489990234375,2737500.0,ADBE,
2025-06-04,411.5400085449219,415.94000244140625,410.0799865722656,413.9100036621094,1843400.0,ADBE,
2025-06-05,415.0,421.4800109863281,413.9800109863281,415.20001220703125,2275500.0,ADBE,
2025-06-06,417.5400085449219,419.6499938964844,415.2799987792969,416.9200134277344,2146900.0,ADBE,
2025-06-09,417.29998779296875,419.0,415.1499938964844,416.260009765625,3034200.0,ADBE,
2025-06-10,416.6099853515625,419.82000732421875,414.4200134277344,416.05999755859375,2627400.0,ADBE,
2025-06-11,415.20001220703125,416.0400085449219,410.4200134277344,412.8399963378906,3385400.0,ADBE,
2025-06-12,411.42999267578125,416.3900146484375,410.7699890136719,413.67999267578125,6313300.0,ADBE,
2025-06-13,392.5,399.8500061035156,383.75,391.67999267578125,10629700.0,ADBE,
2025-06-16,392.989990234375,405.0,391.1099853515625,401.7300109863281,6798300.0,ADBE,
2025-06-17,397.3999938964844,399.6700134277344,381.79998779296875,382.67999267578125,6861238.0,ADBE,
2024-06-18,227.8258693727353,232.43664171199055,227.37363226640977,231.40438842773438,2457400.0,ADI,
2024-06-20,228.50417763501466,228.7401293605729,224.9453253639588,225.6334991455078,4562300.0,ADI,
2024-06-21,227.62922088215262,227.96348959204002,225.20095364364775,227.1475067138672,7366400.0,ADI,
2024-06-24,227.1475079451597,228.02247501186028,224.2473372185273,224.60125732421875,2413600.0,ADI,
2024-06-25,227.17700001456978,227.17700001456978,222.02549958803266,226.44949340820312,2015800.0,ADI,
2024-06-26,225.44674301838933,226.10542477398272,222.74319111057855,223.99172973632812,2510600.0,ADI,
2024-06-27,223.16590541004464,224.5815858004812,222.16312929997477,222.85130310058594,2159000.0,ADI,
2024-06-28,224.2964593898449,228.15026239717875,223.02825454892107,224.40460205078125,3634000.0,ADI,
2024-07-01,222.87097898061896,223.11675641994498,220.1379350553988,221.37664794921875,2307800.0,ADI,
2024-07-02,220.7671124820492,224.512758049911,220.7671124820492,224.3849639892578,2417900.0,ADI,
2024-07-03,224.80769882604523,227.0885205866325,223.2052251753061,226.13490295410156,1425700.0,ADI,
2024-07-05,227.51125081170662,227.59972708672163,224.51276314955408,226.99020385742188,2251800.0,ADI,
2024-07-08,228.25840809175983,229.80189755606955,227.75702753383865,229.39881896972656,1729500.0,ADI,
2024-07-09,229.81170469222047,230.30325951360268,227.00985121097958,228.0912628173828,1315500.0,ADI,
2024-07-10,230.49992021189325,235.05170818578728,229.1628903424165,234.30455017089844,4037600.0,ADI,
2024-07-11,234.72726841340358,235.1598390849679,229.72324360139476,229.7920684814453,3103700.0,ADI,
2024-07-12,234.32421026441799,238.06985593744184,232.1613568564731,234.53065490722656,3105700.0,ADI,
2024-07-15,233.13462857068993,235.72021182560982,232.11220110546844,233.704833984375,2057200.0,ADI,
2024-07-16,234.97305153271515,239.71164763920274,233.63602169779114,239.2200927734375,1964600.0,ADI,
2024-07-17,236.41821736229258,240.01640247834575,231.43385896473217,231.63047790527344,4448200.0,ADI,
2024-07-18,232.48578463642872,237.02776178753143,232.2989913876498,234.95339965820312,3688500.0,ADI,
2024-07-19,236.24127450700803,236.24127450700803,226.84274775359958,227.31463623046875,2894900.0,ADI,
2024-07-22,233.11497808119705,236.2019420824029,229.37917304869046,235.98565673828125,2827300.0,ADI,
2024-07-23,230.14597815591856,232.9183396055943,225.16160496297624,226.42982482910156,3876200.0,ADI,
2024-07-24,226.73461013421888,227.0590381571285,219.96098444648268,220.82611083984375,4589600.0,ADI,
2024-07-25,217.76861447072991,223.76558937194412,213.58057273711887,217.18858337402344,5114600.0,ADI,
2024-07-26,221.49462598687876,223.41168696724296,219.20397850739496,222.60552978515625,4296200.0,ADI,
2024-07-29,224.87653683328833,226.3806935989824,221.52412887793002,223.5591583251953,2672200.0,ADI,
2024-07-30,224.98467176344158,226.2921945269569,219.13515676372654,220.7867889404297,3955600.0,ADI,
2024-07-31,225.87927593691438,228.23874818271912,223.10691442439636,227.471923828125,4308100.0,ADI,
2024-08-01,224.22767037326014,227.29496794905157,213.1087016599521,215.22238159179688,5404600.0,ADI,
2024-08-02,208.89115502519007,209.47120117723685,203.21862258079884,204.447509765625,6796700.0,ADI,
2024-08-05,202.55009678300968,205.55841016126138,195.3733927427707,197.1724853515625,4879700.0,ADI,
2024-08-06,197.95897471610826,205.17499649334556,197.7820071651533,201.41952514648438,4671100.0,ADI,
2024-08-07,206.91510942978059,207.84906068821843,197.46742417117684,197.90982055664062,4178200.0,ADI,
2024-08-08,202.70739092955185,210.52311002453575,200.81982211046218,210.03155517578125,4510100.0,ADI,
2024-08-09,206.40389114663947,210.1200448399818,205.6272410365767,207.7409210205078,2482100.0,ADI,
2024-08-12,208.56673468901835,209.79562191909994,206.453054653704,208.4979248046875,1712100.0,ADI,
2024-08-13,209.64814668805317,214.90778966283312,209.5989882020988,214.32774353027344,4011000.0,ADI,
2024-08-14,213.25614823716194,214.42605114694098,209.2057411891081,211.6831817626953,2409500.0,ADI,
2024-08-15,216.72653635729168,220.4525306239113,215.71393453837825,219.89215087890625,5197400.0,ADI,
2024-08-16,219.28263805885115,220.01997038924335,217.68016432712477,219.42027282714844,2573600.0,ADI,
2024-08-19,218.67308608731716,222.2614455375376,217.74897555872926,222.13363647460938,2803100.0,ADI,
2024-08-20,220.1772727572617,222.2024765023092,217.65067342412445,219.7152099609375,3994200.0,ADI,
2024-08-21,225.64334122704054,232.85936278265973,221.01288796660418,223.65745544433594,5595100.0,ADI,
2024-08-22,221.86819331858115,224.404618183842,217.52285017766667,218.16188049316406,3708100.0,ADI,
2024-08-23,222.03533287650524,225.338582085375,220.96373189723806,224.5324249267578,3208000.0,ADI,
2024-08-26,223.99172325626154,224.33581767136332,220.01012574336917,221.7993927001953,2532300.0,ADI,
2024-08-27,221.30782449884487,228.42554410573712,220.52133374100683,227.9241485595703,3707500.0,ADI,
2024-08-28,227.17698550082292,229.31033169546126,221.33731163110923,223.33302307128906,3211800.0,ADI,
2024-08-29,225.61385624253083,231.1389280979613,225.60401554459767,226.99020385742188,2711500.0,ADI,
2024-08-30,230.97180635500624,232.1515350511661,227.9045087447778,230.8734893798828,2770900.0,ADI,
2024-09-03,225.7116065226388,227.02428677433593,214.81538002346585,215.86158752441406,4868600.0,ADI,
2024-09-04,217.14463528859238,221.06293213277536,215.2792508133061,218.9113311767578,2736400.0,ADI,
2024-09-05,216.6215442110661,218.73367279417332,214.8844714240451,216.20701599121094,2730000.0,ADI,
2024-09-06,215.72342132432618,216.55247781806952,209.92986008956547,210.8576202392578,3437000.0,ADI,
2024-09-09,214.18371526126967,216.4537636977818,213.23622647424412,215.71353149414062,2450800.0,ADI,
2024-09-10,214.6673324829563,216.17740492734177,211.33134796813917,215.87144470214844,2048900.0,ADI,
2024-09-11,217.02621835426433,222.78029199974273,211.91368834085748,222.13876342773438,3431800.0,ADI,
2024-09-12,220.52997997292888,220.53984431399712,216.07870736093628,218.6448516845703,2158200.0,ADI,
2024-09-13,220.92476756026866,223.59947991348062,220.10557543821574,222.48419189453125,2032300.0,ADI,
2024-09-16,219.49366199493477,221.53671019492617,217.81580527217758,220.3720703125,2124000.0,ADI,
2024-09-17,224.47787680990604,226.05702974643503,219.75025222090096,222.41510009765625,2524500.0,ADI,
2024-09-18,225.8892446510848,225.8892446510848,219.06925035618144,219.74038696289062,2527300.0,ADI,
2024-09-19,227.00454181833132,232.6895197048548,224.90227754661976,230.40960693359375,7157700.0,ADI,
2024-09-20,228.94888629585512,229.45223877135905,221.42813194624387,223.82647705078125,5009500.0,ADI,
2024-09-23,221.85253640256462,223.88570521579982,221.28008832873064,223.06651306152344,1357900.0,ADI,
2024-09-24,225.66226027180866,227.79413269084372,223.86597123988955,224.36932373046875,1984800.0,ADI,
2024-09-25,221.1813955325575,224.61606885027658,221.1813955325575,223.6883087158203,2042600.0,ADI,
2024-09-26,229.59041513354634,230.93270346329714,221.88213287360472,229.43251037597656,3883000.0,ADI,
2024-09-27,231.65320779210572,232.19603269450977,228.08034344100034,229.02784729003906,2277800.0,ADI,
2024-09-30,225.918853473466,227.55723763294787,223.70803635229726,227.1723175048828,2711400.0,ADI,
2024-10-01,225.94846285498602,226.45183037462422,219.5035092279764,220.75697326660156,3124400.0,ADI,
2024-10-02,222.0499294848715,226.9749467705331,220.62868116660087,224.7641143798828,1858000.0,ADI,
2024-10-03,221.70448748322585,225.85964920502605,221.53670332216166,223.60934448242188,2087700.0,ADI,
2024-10-04,228.8797846210796,229.33380031907558,223.16519880319848,225.25758361816406,1895200.0,ADI,
2024-10-07,222.71118213252458,224.34956630240094,221.17150161049608,223.5599822998047,1564700.0,ADI,
2024-10-08,223.78699296409116,227.50788246059741,221.38863292447843,226.41233825683594,2447400.0,ADI,
2024-10-09,227.39932279600237,230.53791511355294,226.30377855214923,230.2023468017578,2410700.0,ADI,
2024-10-10,226.70844305524457,228.81070730033858,225.69185871608232,227.69541931152344,1793700.0,ADI,
2024-10-11,226.33339653508307,230.95243806760536,226.33339653508307,229.82728576660156,1428900.0,ADI,
2024-10-14,230.75506213038335,233.94299136502988,229.66938217551888,233.35079956054688,1770300.0,ADI,
2024-10-15,232.93626843091798,233.6765006473046,221.16164853775845,222.92832946777344,4112200.0,ADI,
2024-10-16,225.86952526720955,227.34011027011678,223.01716445115977,224.52723693847656,1585700.0,ADI,
2024-10-17,229.49172580210467,230.5181744932786,224.21139675003346,224.37918090820312,3637700.0,ADI,
2024-10-18,226.1853491740082,226.7874052989422,224.01400439984158,225.35629272460938,1763100.0,ADI,
2024-10-21,223.35274166614917,223.46130966250644,219.51340442778906,222.73094177246094,2212200.0,ADI,
2024-10-22,221.51696209140775,222.671722549517,219.8094973176288,221.69461059570312,1833700.0,ADI,
2024-10-23,225.10954542111017,226.52091423300223,221.0925448456098,223.89556884765625,2492000.0,ADI,
2024-10-24,225.76096038879447,227.34011340551302,224.45814446644033,226.68870544433594,2376100.0,ADI,
2024-10-25,228.82056600506203,232.13680674687723,227.0440057755071,227.1723175048828,1733500.0,ADI,
2024-10-28,226.14587485496685,228.92914007178916,225.62277864293884,227.14271545410156,3403700.0,ADI,
2024-10-29,226.70843505373384,232.78821219224534,226.02741905132737,232.16641235351562,2055900.0,ADI,
2024-10-30,227.77437852262153,229.9556026687544,226.8861059187122,227.1229705810547,2084400.0,ADI,
2024-10-31,227.1624706509923,227.20194307688226,217.95397989065967,220.20428466796875,4258100.0,ADI,
2024-11-01,220.95437881413793,223.64883494848567,220.095714254875,222.5434112548828,2922800.0,ADI,
2024-11-04,222.069666284522,223.82648288410115,220.52998567455938,221.2702178955078,1599600.0,ADI,
2024-11-05,216.45375793302276,216.45375793302276,212.51573235297238,214.7660369873047,3753400.0,ADI,
2024-11-06,220.76685415324832,225.11942330188637,219.0495250094785,223.3033905029297,3615300.0,ADI,
2024-11-07,226.6393653287887,227.2710295381535,222.78028450498283,224.8035888671875,2500600.0,ADI,
2024-11-08,223.60933419055485,225.14901471304347,221.83277394919787,222.85923767089844,3426900.0,ADI,
2024-11-11,220.93464800135717,222.0795290493153,215.5753589285032,217.59866333007812,3271700.0,ADI,
2024-11-12,217.61840341489898,217.97371547486227,213.0881708853512,216.69064331054688,2593900.0,ADI,
2024-11-13,213.94684821684564,214.84498516830112,209.67323920144455,210.06802368164062,4609800.0,ADI,
2024-11-14,210.6602291734421,212.23938225707286,208.7060202671696,209.47586059570312,3214100.0,ADI,
2024-11-15,206.05103255860303,207.6400648975111,202.7249124096714,203.6625518798828,3881000.0,ADI,
2024-11-18,203.83034540961023,207.1564506514966,203.42568152069853,206.91957092285156,3774700.0,ADI,
2024-11-19,204.99496637324165,208.07434254803698,204.10669376247262,207.6894073486328,2958600.0,ADI,
2024-11-20,204.55083074747677,208.40991155476337,204.55083074747677,208.26185607910156,3072400.0,ADI,
2024-11-21,209.5251830525952,212.20975967747154,207.31436587450588,211.17344665527344,2540600.0,ADI,
2024-11-22,208.78494651638263,211.95314686309186,208.78494651638263,211.79522705078125,2695200.0,ADI,
2024-11-25,214.9042141679701,222.06965632372655,213.1868700707775,220.66815185546875,7303600.0,ADI,
2024-11-26,229.12652297383886,230.50829871501065,213.19672741847472,216.1971435546875,6568700.0,ADI,
2024-11-27,216.4636523980785,216.54259725033643,211.11422752376856,214.34164428710938,2943400.0,ADI,
2024-11-29,216.33532688437842,218.81263185297297,214.66733461043904,215.21017456054688,1992600.0,ADI,
2024-12-02,215.28913986771286,221.86239041914467,214.18371619793183,220.21414184570312,3240200.0,ADI,
2024-12-03,218.69419634540935,220.42140475971505,217.08542026029332,218.6547088623047,2340500.0,ADI,
2024-12-04,220.20426232970436,220.30296597451132,215.02263723863567,215.4569091796875,2635200.0,ADI,
2024-12-05,214.40085707300406,216.5327294918478,211.0747517667964,211.75576782226562,2474800.0,ADI,
2024-12-06,211.93342154641013,215.74315075425235,210.94644522375737,215.3582305908203,3189400.0,ADI,
2024-12-09,214.05980702885242,221.57276586601878,213.25697367187507,217.10264587402344,2467200.0,ADI,
2024-12-10,217.10265847797515,217.7270911802444,212.60281990007655,213.7030029296875,2679400.0,ADI,
2024-12-11,214.1192751058831,217.1026470705094,213.6534309118152,215.1996307373047,3839200.0,ADI,
2024-12-12,213.2470655553418,216.7954034907938,212.74158177603744,215.79434204101562,2995000.0,ADI,
2024-12-13,213.50476948187224,216.04212466189938,211.8594480335069,214.69415283203125,3067300.0,ADI,
2024-12-16,213.0190995199794,215.8637104482255,211.7702492615901,214.3968048095703,3409800.0,ADI,
2024-12-17,213.98051660960357,216.0024667623708,210.48173961872533,211.9288330078125,3240500.0,ADI,
2024-12-18,213.25697964873737,217.01345161068693,205.42684364308496,205.93234252929688,4077400.0,ADI,
2024-12-19,207.74615537534126,208.74721677627343,205.3971070477108,205.94224548339844,3941900.0,ADI,
2024-12-20,204.45550640601488,211.4728874816884,204.0094895625086,209.9068603515625,6604100.0,ADI,
2024-12-23,210.0555231941982,213.67324890208096,209.67889448641205,212.98934936523438,2478500.0,ADI,
2024-12-24,214.0300786654831,216.28000543918327,211.78015189178296,216.1610565185547,1063500.0,ADI,
2024-12-26,213.48493436570624,217.13239364702503,213.48493436570624,216.13131713867188,1189000.0,ADI,
2024-12-27,215.50688113327135,216.3196357067047,213.33626381576343,215.07078552246094,1926700.0,ADI,
2024-12-30,212.3550323674985,212.7316762376943,209.16351095118205,210.6799774169922,2578300.0,ADI,
2024-12-31,212.10722879183876,212.65236721770515,209.20315109632313,210.5808563232422,1608800.0,ADI,
2025-01-02,213.5840492242702,215.32847701117475,207.89481267246907,209.4806671142578,2378700.0,ADI,
2025-01-03,210.87820239406187,214.19857879638317,208.5390752122183,213.46511840820312,2547200.0,ADI,
2025-01-06,213.42547082313905,219.57063060825254,212.88033238781932,216.0718536376953,2490700.0,ADI,
2025-01-07,217.8460203856702,218.3316919353933,212.4045873766714,213.960693359375,3573100.0,ADI,
2025-01-08,213.4948488922972,219.2039131883772,210.74935955773668,218.4902801513672,3096400.0,ADI,
2025-01-10,215.6159247043136,217.4297407803969,209.916781533802,210.4916534423828,4108500.0,ADI,
2025-01-13,207.48844190915773,211.4827964627064,206.24949781379325,211.06651306152344,3960600.0,ADI,
2025-01-14,211.2746532249291,212.92988065018977,209.66897146228578,212.75146484375,1634600.0,ADI,
2025-01-15,215.57628394577097,217.64779495258813,213.7922013297296,216.2899169921875,3302500.0,ADI,
2025-01-16,216.36919790615255,216.36919790615255,210.82864359090155,213.1182098388672,3116000.0,ADI,
2025-01-17,218.6092147909536,218.68850903135208,215.91327111272435,217.2216033935547,2871100.0,ADI,
2025-01-21,217.29096708355834,221.6718715918598,217.22159407857825,219.4913330078125,4090900.0,ADI,
2025-01-22,219.4913401933227,224.2191552527875,219.1444449094073,222.09808349609375,2883300.0,ADI,
2025-01-23,219.91754616665304,226.40960138186728,219.57063575681616,226.330322265625,2608000.0,ADI,
2025-01-24,222.63329398751793,224.0407326692061,215.20955062511925,215.44741821289062,3929200.0,ADI,
2025-01-27,215.47716226995763,218.86692680088143,211.7504236810439,213.51467895507812,7088000.0,ADI,
2025-01-28,210.9277645163175,212.0180414348395,206.06118818956148,207.6668701171875,3748600.0,ADI,
2025-01-29,207.68666802866142,209.99606161603086,207.16135694696678,208.05340576171875,2258500.0,ADI,
2025-01-30,208.37057239886235,211.18546491680019,207.2505772052759,210.52137756347656,2976400.0,ADI,
2025-01-31,209.83749896045913,215.69521539383555,208.82651630175343,210.01589965820312,3486400.0,ADI,
2025-02-03,207.43887988068988,207.79569638297528,200.97655840705204,203.42471313476562,4483500.0,ADI,
2025-02-04,202.79037925770174,206.50721161122394,202.26506816164365,204.18789672851562,4651500.0,ADI,
2025-02-05,203.61302283637733,208.68774817724577,202.35426651421344,207.9443817138672,4515700.0,ADI,
2025-02-06,206.8838397430179,208.64809495183565,203.93020120926434,205.99180603027344,2715100.0,ADI,
2025-02-07,205.84311328737127,207.6965838731086,201.93797434002752,203.3949737548828,3194700.0,ADI,
2025-02-10,204.75286881290552,205.37730150715777,201.17479748540927,203.04808044433594,2820500.0,ADI,
2025-02-11,201.13513520954425,204.7925006398066,200.84770683068763,201.66046142578125,2335700.0,ADI,
2025-02-12,199.23211901575138,203.58329012554296,199.02398487459556,203.31568908691406,2411500.0,ADI,
2025-02-13,203.17693256975545,207.7957048231609,203.17693256975545,207.4884490966797,3134900.0,ADI,
2025-02-14,209.37164927496482,213.24705497161756,208.7670439420409,212.7118377685547,3938600.0,ADI,
2025-02-18,215.34831174798018,218.55964517336014,213.86157882916967,218.272216796875,7400200.0,ADI,
2025-02-19,227.9855364226597,240.36505590186476,222.117899116778,239.5225830078125,9789600.0,ADI,
2025-02-20,241.38596052065756,244.91448617180257,240.4047264309041,241.6634979248047,5889800.0,ADI,
2025-02-21,242.7636649046757,243.903502595267,235.65708308577587,236.7969207763672,6176500.0,ADI,
2025-02-24,238.15480000057224,238.51161652210513,234.0910571233269,234.89390563964844,4778300.0,ADI,
2025-02-25,236.2220408559591,236.2220408559591,232.3069805055211,233.21884155273438,4136800.0,ADI,
2025-02-26,232.96114606991654,234.28930572881106,229.77954587586242,231.66273498535156,2908200.0,ADI,
2025-02-27,232.15829878898776,232.15829878898776,221.5232067872946,221.8701171875,4480000.0,ADI,
2025-02-28,223.99118295272783,228.0846438978203,221.07718406460262,228.02517700195312,4631200.0,ADI,
2025-03-03,229.78944977405303,231.76185433989443,223.67402315766145,226.50872802734375,5000100.0,ADI,
2025-03-04,229.41547688460952,230.39103090972674,222.88519646707246,225.1548614501953,4742400.0,ADI,
2025-03-05,226.15033274052013,228.81819393292398,221.6906419353312,228.42996215820312,3927300.0,ADI,
2025-03-06,224.6571294856583,227.83267368451044,221.043592284922,221.7603302001953,4818700.0,ADI,
2025-03-07,222.57661830748506,225.63271142254195,218.74407679503278,224.83633422851562,4062900.0,ADI,
2025-03-10,219.2218895542196,220.14766718806868,212.18392589884704,215.2798309326172,4946600.0,ADI,
2025-03-11,216.34499364929076,216.40471928000707,205.5441631989022,208.13238525390625,4225500.0,ADI,
2025-03-12,208.13237451650878,212.02465660679042,204.6880498231211,205.6835174560547,3917700.0,ADI,
2025-03-13,205.0663380711199,207.2165518633965,201.67178970316903,202.87631225585938,2625200.0,ADI,
2025-03-14,206.42017931267506,208.89889931111054,205.29529597043077,207.8038787841797,2614100.0,ADI,
2025-03-17,206.80840055187687,212.40292378313993,206.43011799102797,210.7205810546875,2514500.0,ADI,
2025-03-18,209.6255831383995,209.79481081903276,206.74868218837142,208.21202087402344,2657000.0,ADI,
2025-03-19,208.24187752236094,212.0644696049119,207.1468570452408,209.01834106445312,2571900.0,ADI,
2025-03-20,207.2264974188995,207.2264974188995,203.881725530861,204.96678161621094,2775400.0,ADI,
2025-03-21,202.13966399490235,204.33965424378772,200.3677327455947,203.4735870361328,5070200.0,ADI,
2025-03-24,209.04820337349025,213.1097131475023,208.7893872566282,211.37759399414062,3458300.0,ADI,
2025-03-25,210.0237622658569,213.65722833192567,210.0237622658569,212.6119842529297,2549800.0,ADI,
2025-03-26,212.1839260778003,213.92599448628678,208.73961647350043,209.5758056640625,2453300.0,ADI,
2025-03-27,207.73418016641926,210.04367238604692,204.9468829215318,207.99301147460938,2884800.0,ADI,
2025-03-28,206.87809096696466,207.11699347773572,199.86004111008276,200.64645385742188,3521400.0,ADI,
2025-03-31,199.32249028995858,201.60211979452203,195.90804342185126,200.75596618652344,3803700.0,ADI,
2025-04-01,199.35234381077467,199.92971686384016,194.23564075664873,198.27723693847656,3383000.0,ADI,
2025-04-02,194.87275117930955,201.383118433333,194.87275117930955,198.68539428710938,2437500.0,ADI,
2025-04-03,190.95061459722248,192.32434964457693,179.58236050760286,180.06019592285156,6970800.0,ADI,
2025-04-04,173.81861480459938,175.61045969324803,163.396066824394,163.85398864746094,9633900.0,ADI,
2025-04-07,162.4603243768301,182.47918028043713,157.93094333806346,170.5634307861328,10236500.0,ADI,
2025-04-08,174.5851222630515,178.42762802044368,161.09653249458526,165.33721923828125,7640300.0,ADI,
2025-04-09,165.29741174826336,197.56052298969192,163.83407303954152,195.7388153076172,10941600.0,ADI,
2025-04-10,188.7705457726044,188.7705457726044,170.1552875361395,177.55162048339844,8547900.0,ADI,
2025-04-11,171.34985541721557,180.15973520964332,166.44219189063014,178.34799194335938,6528800.0,ADI,
2025-04-14,182.42939502196208,184.16151419127138,174.7842108049364,177.79052734375,3912100.0,ADI,
2025-04-15,177.79053048137453,181.64298547203285,177.26293383576714,178.72625732421875,3035900.0,ADI,
2025-04-16,172.88286274375523,176.55614075566132,169.6177301086455,175.1326141357422,4392800.0,ADI,
2025-04-17,177.08373730568735,177.5316947043286,172.7932742213495,175.47108459472656,3341200.0,ADI,
2025-04-21,171.86747838218355,174.6747043594017,170.22496288632556,174.19688415527344,3650100.0,ADI,
2025-04-22,175.97877339721353,178.37785412619513,174.41589705472296,177.69097900390625,3735000.0,ADI,
2025-04-23,185.14704215577603,186.98864827868664,181.6529408231792,182.28009033203125,4323300.0,ADI,
2025-04-24,191.85648457151837,196.62478333594848,190.18410613522687,194.34515380859375,5606700.0,ADI,
2025-04-25,192.07548718959504,195.4799848567492,190.82120337210608,193.7080535888672,3206800.0,ADI,
2025-04-28,192.48362627606306,195.4799784477531,189.08907792880615,192.8419952392578,3401400.0,ADI,
2025-04-29,190.63205758599096,193.93701752028014,189.49722505703295,191.7967529296875,3939800.0,ADI,
2025-04-30,186.69996805355888,194.45465466509185,185.88367725780202,194.03656005859375,4415400.0,ADI,
2025-05-01,195.9478485598813,196.27635470710246,192.5632646260896,192.86190795898438,3439500.0,ADI,
2025-05-02,196.9632389823148,198.80486029618044,196.25645023455843,197.68992614746094,3795900.0,ADI,
2025-05-05,195.27094067190598,198.8148031264241,194.70351681223985,196.82386779785156,2022700.0,ADI,
2025-05-06,194.0066969763307,196.50531540326386,193.37954747263015,194.71348571777344,2535500.0,ADI,
2025-05-07,195.73880638228528,199.81026537331644,194.80306437288567,198.95416259765625,2965700.0,ADI,
2025-05-08,201.34328395886226,205.1061505081264,200.04918814925364,201.86093139648438,3422400.0,ADI,
2025-05-09,206.30072319389794,209.18757333018763,205.35501676580174,206.56948852539062,3537500.0,ADI,
2025-05-12,221.85986585979703,224.4680013796089,218.1069638308525,222.1385955810547,6358100.0,ADI,
2025-05-13,220.96395895058518,226.04085012104778,219.25175335056576,225.65260314941406,4373500.0,ADI,
2025-05-14,226.60825249321428,227.30507680184655,222.99470010680804,225.79197692871094,4648400.0,ADI,
2025-05-15,223.41279629385213,227.76300023179232,222.99470170567503,226.09060668945312,3044800.0,ADI,
2025-05-16,226.13043437926962,226.76753306588057,224.50781725368185,226.08065795898438,3617900.0,ADI,
2025-05-19,222.62639350478085,225.78202425820197,222.05898482029116,223.52230834960938,3974200.0,ADI,
2025-05-20,221.31237124096702,223.58203622679454,220.92412428243512,223.4725341796875,2619200.0,ADI,
2025-05-21,221.59111216982367,226.35939568490394,220.32686396012608,221.21282958984375,5091100.0,ADI,
2025-05-22,220.45627258913996,223.3829347226648,210.41199245029216,210.96945190429688,8968300.0,ADI,
2025-05-23,208.03283045971656,210.08349143978992,205.06634104143717,209.51608276367188,4848100.0,ADI,
2025-05-27,214.17486320714062,216.88253648575403,211.76583326756847,215.906982421875,5542200.0,ADI,
2025-05-28,216.62371681278475,217.20108987490914,214.48346743235672,214.64273071289062,3853900.0,ADI,
2025-05-29,217.07168371288208,217.50969193017633,213.03008729088208,214.77215576171875,3800200.0,ADI,
2025-05-30,214.30427332951356,214.86173278018816,209.84458253448594,213.01016235351562,10923400.0,ADI,
2025-06-02,211.43733125019136,215.22011150958173,211.25815435703987,214.4735107421875,2233700.0,ADI,
2025-06-03,213.05993568540705,217.89790897596572,212.084381660867,217.4399871826172,3515800.0,ADI,
2025-06-04,219.8300018310547,221.19000244140625,217.3300018310547,218.5,4199200.0,ADI,
2025-06-05,219.8000030517578,222.58999633789062,217.02000427246094,218.0399932861328,3496200.0,ADI,
2025-06-06,220.67999267578125,225.35000610351562,220.6300048828125,222.25999450683594,3246000.0,ADI,
2025-06-09,223.82000732421875,229.17999267578125,223.41000366210938,227.66000366210938,4110600.0,ADI,
2025-06-10,228.27000427246094,234.75999450683594,228.00999450683594,233.33999633789062,4164800.0,ADI,
2025-06-11,234.08999633789062,236.1199951171875,230.27000427246094,232.5399932861328,3311800.0,ADI,
2025-06-12,231.52999877929688,233.74000549316406,230.85000610351562,232.1199951171875,2144000.0,ADI,
2025-06-13,227.55999755859375,228.94000244140625,224.3800048828125,225.02999877929688,3349600.0,ADI,
2025-06-16,228.1300048828125,231.9199981689453,227.5,231.8000030517578,3344900.0,ADI,
2025-06-17,229.2100067138672,231.69000244140625,227.35000610351562,227.44000244140625,2726050.0,ADI,
2024-06-18,68.09322989560866,68.61731605660448,67.76324176702664,68.12234497070312,1483300.0,AEE,
2024-06-20,68.26792907089025,69.24817868401807,67.90883322596872,68.96672058105469,1699400.0,AEE,
2024-06-21,69.0540694795239,69.63639323821695,68.05441233624863,68.18058013916016,3325400.0,AEE,
2024-06-24,68.1902876721468,69.17052982805923,68.1902876721468,69.05406951904297,1197500.0,AEE,
2024-06-25,68.97643125389924,68.97643125389924,68.03500417069496,68.08353424072266,1283700.0,AEE,
2024-06-26,67.71472166979726,68.1999927385076,67.34591832325098,68.06411743164062,1016000.0,AEE,
2024-06-27,68.11264381569627,68.98613317305173,68.11264381569627,68.85025787353516,1381100.0,AEE,
2024-06-28,69.10260403581088,69.22877926509138,68.21941445409553,69.0152587890625,2596800.0,AEE,
2024-07-01,69.18023386315275,69.6557973787047,68.46203484308377,68.66584777832031,1812700.0,AEE,
2024-07-02,68.84055197610392,69.60728112953043,68.77261432476986,69.39376068115234,2591600.0,AEE,
2024-07-03,69.39375721743343,69.72373796325718,68.47174522325692,68.4814453125,785500.0,AEE,
2024-07-05,68.41350976693445,69.09289367189074,68.08352901097024,68.37468719482422,2445400.0,AEE,
2024-07-08,68.38440150196416,68.77261985709511,68.1223583699241,68.62703704833984,1245500.0,AEE,
2024-07-09,68.46204452279257,69.4131716883744,68.19999399426052,69.25788879394531,1721900.0,AEE,
2024-07-10,69.5878732487927,69.72374856533975,68.79202893559605,69.69463348388672,1063200.0,AEE,
2024-07-11,70.04402212004193,71.42219013555427,69.75286393058576,70.9660415649414,1097600.0,AEE,
2024-07-12,71.29602550204339,72.37332788169502,71.11162012392225,71.70365142822266,1032300.0,AEE,
2024-07-15,71.18926503065305,71.65512851944924,70.19931529835347,70.60694122314453,1014600.0,AEE,
2024-07-16,71.08249799042298,71.80070444202033,70.5098817325624,71.7521743774414,931300.0,AEE,
2024-07-17,71.9268801121216,73.69326654817075,71.9268801121216,73.02359008789062,886200.0,AEE,
2024-07-18,72.63536726482506,74.20764813369031,72.63536726482506,72.83918762207031,1062200.0,AEE,
2024-07-19,73.64473915498205,73.64473915498205,72.14040319421316,72.615966796875,1065100.0,AEE,
2024-07-22,72.77124349805574,73.56708765368109,72.66448328409946,73.50885009765625,1332300.0,AEE,
2024-07-23,73.3923950051437,73.65443810959053,72.79065624782159,72.86830139160156,1288800.0,AEE,
2024-07-24,73.54767614891364,74.97437416237835,73.08182010654656,74.77056121826172,1429400.0,AEE,
2024-07-25,75.22671850499994,76.92516714073045,74.68320990640525,75.26554107666016,2258100.0,AEE,
2024-07-26,75.37230080458924,76.16814500679752,75.08113522136617,75.74110412597656,976400.0,AEE,
2024-07-29,75.67317988234186,76.2457962515624,74.80939787831956,75.89640045166016,1191200.0,AEE,
2024-07-30,75.76051489811067,77.264858133667,75.69257724645225,77.17750549316406,1304600.0,AEE,
2024-07-31,77.0804582964717,77.21633360954301,76.48842697323994,76.93487548828125,1267400.0,AEE,
2024-08-01,76.92517242539647,79.09918475518198,76.92517242539647,78.86625671386719,1533700.0,AEE,
2024-08-02,80.23471410859113,81.36054650553955,78.38098253694842,80.09883880615234,2132400.0,AEE,
2024-08-05,81.79729573579318,81.91376346590057,77.80836668657017,77.8277816772461,1708700.0,AEE,
2024-08-06,77.89571618313624,78.94389609308887,77.57543549178864,78.18687438964844,1455800.0,AEE,
2024-08-07,78.18687228483651,79.21565198650201,78.02188189845627,78.11893463134766,1695600.0,AEE,
2024-08-08,77.58514300625107,78.52657009064042,77.20663215443564,77.83747863769531,1458500.0,AEE,
2024-08-09,77.7598387842601,78.21598736934425,76.58548368550531,77.9442367553711,1351600.0,AEE,
2024-08-12,77.77925108294602,78.02188663222016,77.45897038078832,77.95394897460938,1084700.0,AEE,
2024-08-13,78.3518663767653,79.08947303563546,77.65307488550006,78.90507507324219,1438500.0,AEE,
2024-08-14,78.62362117780835,79.35152778598487,78.32274807793412,78.86625671386719,827500.0,AEE,
2024-08-15,78.41009970300955,79.18652896552489,78.19657924930696,78.94389343261719,1015900.0,AEE,
2024-08-16,79.5068130379606,80.01149911454263,78.93419671010118,79.68151092529297,1463800.0,AEE,
2024-08-19,79.7300338829702,80.39970288746119,79.6426812447723,80.07942962646484,924100.0,AEE,
2024-08-20,80.0988316598828,80.4579348726603,79.54562300512437,79.79796600341797,772200.0,AEE,
2024-08-21,79.80768061645713,80.1376613781915,79.63298274123052,79.92414093017578,749200.0,AEE,
2024-08-22,79.99208120332682,80.2250166476964,79.5262251238854,79.86591339111328,977100.0,AEE,
2024-08-23,80.15707423155735,80.15707423155735,79.54563533039428,79.63298797607422,765100.0,AEE,
2024-08-26,79.8950216518368,80.51616797451273,79.58444849049883,80.13765716552734,1100700.0,AEE,
2024-08-27,80.08914085845772,80.10855584949105,79.14772112352803,79.2447738647461,966400.0,AEE,
2024-08-28,79.52622540762869,80.26383210348415,79.09918449607633,79.91443634033203,1414700.0,AEE,
2024-08-29,80.001791608134,80.30265731224452,78.91478170881501,79.85620880126953,1233700.0,AEE,
2024-08-30,79.93384683256733,80.46764794197539,79.5068059450409,80.07942962646484,1168000.0,AEE,
2024-09-03,80.18619771946608,81.3120227998449,79.70092662860556,80.82675170898438,2240400.0,AEE,
2024-09-04,81.23437760948931,82.02052181147027,80.80734408489697,81.35084533691406,1447300.0,AEE,
2024-09-05,82.05933749532979,82.1078601575279,81.05967291268725,81.273193359375,1235900.0,AEE,
2024-09-06,81.46729529418742,81.5546405172168,80.65203618934193,80.71027374267578,1076000.0,AEE,
2024-09-09,80.73939915303784,82.16609721567342,80.44823356303725,82.09815216064453,2181900.0,AEE,
2024-09-10,82.03991883286022,83.04928345995236,81.99139617283502,82.40872955322266,1480300.0,AEE,
2024-09-11,82.22285986939627,82.32068450028592,80.99024862227209,81.91959381103516,1153200.0,AEE,
2024-09-12,81.92937976585891,82.32068575894137,81.34242450800573,81.684814453125,1404500.0,AEE,
2024-09-13,81.72394709762796,82.31090236480962,81.66525380997213,82.1641616821289,989100.0,AEE,
2024-09-16,83.30873327717046,83.9641665363601,82.82937988145758,83.61199188232422,1158600.0,AEE,
2024-09-17,83.50438089450763,83.76850814804143,82.92720287598411,83.17176818847656,1695400.0,AEE,
2024-09-18,83.08372275141983,83.3772040923743,82.2130708937396,82.78046417236328,921600.0,AEE,
2024-09-19,82.18372923502487,82.65329045277214,81.14676724071276,81.80220794677734,1194000.0,AEE,
2024-09-20,82.5065549164288,83.98373157740113,82.08590972009898,83.75873565673828,3814200.0,AEE,
2024-09-23,84.1109101485069,84.27721277883143,83.54351680129699,83.7782974243164,1034300.0,AEE,
2024-09-24,83.37721923574345,84.61960788254609,82.92721244093674,83.55330657958984,923500.0,AEE,
2024-09-25,84.03264385064189,84.49242783768658,83.13264528136442,84.46307373046875,1860200.0,AEE,
2024-09-26,83.91525124429647,85.20655583289367,83.91525124429647,84.18916320800781,1357200.0,AEE,
2024-09-27,84.60004026566062,85.16742614574414,84.18916484854591,84.60981750488281,1107900.0,AEE,
2024-09-30,84.86417402992805,85.70547940701992,84.2772186993747,85.5587387084961,1617500.0,AEE,
2024-10-01,85.71525628446136,86.08699288504465,84.89351292588083,85.59786224365234,1014600.0,AEE,
2024-10-02,85.06959320051578,85.77394245987573,84.60003200330293,85.50003051757812,1235400.0,AEE,
2024-10-03,85.83264016760792,86.19459951775188,85.20655356336073,86.10655212402344,1360000.0,AEE,
2024-10-04,85.02069042106345,86.01851363089587,84.81524898677858,85.8326416015625,1182100.0,AEE,
2024-10-07,85.82286744221118,85.91090737702854,85.07938676174054,85.24568939208984,2431200.0,AEE,
2024-10-08,85.6369935685919,85.73481820413699,84.67829422775108,84.86416625976562,2021800.0,AEE,
2024-10-09,84.48264295379079,85.1674228499132,83.97394291935034,84.50220489501953,2310300.0,AEE,
2024-10-10,84.97178035590164,85.1772143411119,83.8859096744033,83.9446029663086,1192800.0,AEE,
2024-10-11,84.17938779143931,84.72721173072225,83.95438440863873,84.57068634033203,1011900.0,AEE,
2024-10-14,84.6489526422689,85.49025799260932,84.62939069940732,85.35330200195312,798400.0,AEE,
2024-10-15,85.9206842823664,86.59567944533322,85.45111561533051,86.01850891113281,1288000.0,AEE,
2024-10-16,86.22394655038053,86.96742719510819,85.96959653390034,86.8011245727539,866300.0,AEE,
2024-10-17,86.65438588457957,86.94785979015316,85.70547124978835,86.39025115966797,1995300.0,AEE,
2024-10-18,86.27287325816346,86.97722264403306,85.63700187016774,86.90873718261719,952300.0,AEE,
2024-10-21,87.04569242371478,87.14351705950703,86.02829979168449,86.31199645996094,1208500.0,AEE,
2024-10-22,85.8228643546518,86.11633825702646,85.31416431553654,85.85221099853516,884300.0,AEE,
2024-10-23,86.14568515271117,87.2706871072886,86.04786051830034,87.26090240478516,937300.0,AEE,
2024-10-24,87.39786328992577,87.59352003326772,86.89895538737242,87.07504272460938,945300.0,AEE,
2024-10-25,87.5054672815828,87.54459862785815,85.79351006562696,85.89134216308594,772300.0,AEE,
2024-10-28,86.29242377990721,86.62503648522788,86.10655175447681,86.20438385009766,693600.0,AEE,
2024-10-29,85.63698965945457,85.63698965945457,84.07177317155815,84.14025115966797,1137200.0,AEE,
2024-10-30,84.7076415931348,84.90329832943175,84.14025571672697,84.72721099853516,1088300.0,AEE,
2024-10-31,84.86417205786604,86.2337394396927,84.76634741563737,85.21634674072266,1663900.0,AEE,
2024-11-01,85.14786345955824,85.47069147606203,83.58264689042949,84.01307678222656,1884600.0,AEE,
2024-11-04,83.63155475908921,84.30655743079741,83.41633608326683,84.15003204345703,1808200.0,AEE,
2024-11-05,84.13046960374845,85.76416414085041,83.82721099699836,85.75438690185547,1391700.0,AEE,
2024-11-06,85.00111706362276,86.62503427619224,84.92285437453828,85.86198425292969,1799700.0,AEE,
2024-11-07,84.9717766795185,86.5565626642698,83.83698999483552,84.66851806640625,2920500.0,AEE,
2024-11-08,85.186992262078,88.62068390891413,84.80547096798509,88.22938537597656,2268900.0,AEE,
2024-11-11,88.23916343175881,90.67503936403136,87.8282954902458,90.29351806640625,2202700.0,AEE,
2024-11-12,90.13699777042685,90.75329971749512,89.63808240553827,90.02938842773438,1633200.0,AEE,
2024-11-13,90.56743073119064,90.56743073119064,88.83590409293726,89.4032974243164,2798800.0,AEE,
2024-11-14,89.31525446971287,89.46198768532746,87.71090662830495,87.76959991455078,1890500.0,AEE,
2024-11-15,87.59352018255345,89.29569280305056,87.59352018255345,89.23699951171875,1447500.0,AEE,
2024-11-18,89.00221690221704,90.5576487962288,88.89460756147568,90.3424301147461,1564000.0,AEE,
2024-11-19,90.08806990599301,90.29351132495212,89.28589602427007,90.11742401123047,1097000.0,AEE,
2024-11-20,90.14678519498463,90.56743787542516,89.71634781121988,90.23482513427734,1000400.0,AEE,
2024-11-21,90.35221428572868,92.16199619843393,89.95112357013714,91.92721557617188,1426400.0,AEE,
2024-11-22,92.00547900564582,92.40656226089659,91.53591029383314,91.77069091796875,1108500.0,AEE,
2024-11-25,91.95655674399983,92.5630814008882,91.28155409871609,91.49677276611328,1512000.0,AEE,
2024-11-26,91.83916656291696,92.4065598983177,91.57503930046009,92.22068786621094,803500.0,AEE,
2024-11-27,92.75873492653552,93.60982493302458,92.53373154658739,92.9152603149414,1054900.0,AEE,
2024-11-29,92.85655864262412,92.98373738532933,92.14243208983545,92.33808135986328,586700.0,AEE,
2024-12-02,92.74894536222348,92.74894536222348,90.81199229524906,90.86090087890625,1191600.0,AEE,
2024-12-03,91.35002936821654,91.74133534606108,89.78481292037911,89.80438232421875,920200.0,AEE,
2024-12-04,89.94134649565159,90.82177569663253,89.48156248953761,90.42069244384766,1216100.0,AEE,
2024-12-05,90.5087369333355,91.0174370155669,90.20547830278257,90.27395629882812,1012500.0,AEE,
2024-12-06,90.33264065224559,90.61633731165735,89.73590815349658,89.79460144042969,725700.0,AEE,
2024-12-09,89.75547317226331,90.15656388283539,88.96308391733186,89.18807983398438,1144800.0,AEE,
2024-12-10,89.02178065088837,89.75547664526383,87.55438866213747,89.25656127929688,1583400.0,AEE,
2024-12-11,89.39453368556988,89.49308199395426,88.2809235151938,88.54700469970703,1054600.0,AEE,
2024-12-12,88.8820699795452,89.64090015650972,88.34990013961085,88.48786926269531,1132700.0,AEE,
2024-12-13,88.34005090540707,89.04961075504953,88.0936763753231,88.53714752197266,672800.0,AEE,
2024-12-16,88.45831443646917,88.45831443646917,87.42353839033365,87.44325256347656,1099500.0,AEE,
2024-12-17,86.73368479109376,87.90642234844888,86.73368479109376,87.39396667480469,1140100.0,AEE,
2024-12-18,87.18701763845236,87.65020294594784,85.64964301676842,85.66934967041016,2403500.0,AEE,
2024-12-19,85.65949483462886,88.70468793691326,85.14703912018908,87.28556823730469,2888600.0,AEE,
2024-12-20,87.0884683841743,88.02468855641202,86.60556890954301,87.99512481689453,3711300.0,AEE,
2024-12-23,87.67976059168946,88.55685323348393,86.90121624876171,88.38932037353516,1336300.0,AEE,
2024-12-24,88.28092218867523,89.58177938856261,88.044397229602,89.5719223022461,845300.0,AEE,
2024-12-26,89.1974345663091,89.77887483259205,88.92149630307286,89.37482452392578,1095400.0,AEE,
2024-12-27,88.64554707970075,89.53249683335119,88.58641960237522,88.8130874633789,900000.0,AEE,
2024-12-30,88.46816171856058,88.54700337158712,87.6403469180434,88.32034301757812,870700.0,AEE,
2024-12-31,88.69482661314963,88.85250991390808,87.43339028209652,87.84729766845703,1285500.0,AEE,
2025-01-02,88.65540484411811,88.75395314666616,87.39396852649449,87.69947052001953,927200.0,AEE,
2025-01-03,87.75860467126756,88.49772821138912,87.48265890053594,87.5615005493164,1059400.0,AEE,
2025-01-06,87.1673031321541,87.39397100131158,85.55108686458674,85.61022186279297,1045800.0,AEE,
2025-01-07,85.8467457877869,87.18702389420459,85.77776121696044,86.68441772460938,1294100.0,AEE,
2025-01-08,86.47745652360697,87.99512446912071,86.05369204843915,87.94584655761719,1476600.0,AEE,
2025-01-10,87.40382751695194,87.88671947308737,86.63514021407202,86.76325225830078,1095600.0,AEE,
2025-01-13,86.90121840264676,87.66004859335715,86.28035733752007,87.52207946777344,955700.0,AEE,
2025-01-14,87.51223353264022,88.6258436692831,87.45309853439772,88.10353088378906,1174600.0,AEE,
2025-01-15,89.02989676259614,90.17307819350478,88.9510626270625,89.79859161376953,1304900.0,AEE,
2025-01-16,89.66061627230461,92.5382687858411,89.52263962747429,92.49884796142578,1142500.0,AEE,
2025-01-17,92.19334781287776,93.5533324479909,91.95682286165959,92.80435180664062,1351300.0,AEE,
2025-01-21,94.00665799870399,95.33707885694383,93.77999765864455,94.84432983398438,1506200.0,AEE,
2025-01-22,94.46984867969789,94.63738155257329,91.75972889861043,91.99624633789062,1158200.0,AEE,
2025-01-23,92.4594313923328,92.73536965718621,91.72030781772385,91.95682525634766,1138400.0,AEE,
2025-01-24,91.44436693743853,92.88319321927447,91.44436693743853,92.75508117675781,743600.0,AEE,
2025-01-27,93.159131457285,93.4153630610198,90.5377104979333,92.76493072509766,2453600.0,AEE,
2025-01-28,92.84377455293516,92.96203703099128,91.10929580188083,91.86813354492188,1137400.0,AEE,
2025-01-29,92.01595713791329,92.54812699585428,91.18813485264279,91.44436645507812,912800.0,AEE,
2025-01-30,92.55797695966208,92.85362938825858,91.87798840389586,92.74522399902344,790500.0,AEE,
2025-01-31,92.63681910283825,93.39564931276948,92.29189628014224,92.83391571044922,1686900.0,AEE,
2025-02-03,92.59739417887619,94.8344789218829,91.80900026457579,94.61766815185547,1725100.0,AEE,
2025-02-04,93.75042944105233,94.19390808734616,92.73536762384649,94.10520935058594,2100100.0,AEE,
2025-02-05,95.10057143863355,95.87911587908634,94.63738610531,95.21883392333984,1793500.0,AEE,
2025-02-06,95.49476530242745,95.56374986716655,94.23332896505336,95.34693908691406,1745400.0,AEE,
2025-02-07,95.73128474839574,95.95795261944828,94.66694499682988,95.6820068359375,1586500.0,AEE,
2025-02-10,95.62288002930049,96.56895730888047,94.97245518904406,95.79041290283203,1989100.0,AEE,
2025-02-11,95.4652026069118,96.8251872632473,95.10056560715893,96.7562026977539,2005000.0,AEE,
2025-02-12,95.52433215885283,96.9040310174096,95.21883015057561,95.84954833984375,2103900.0,AEE,
2025-02-13,96.10577083852665,97.25880932299826,95.9776587930315,96.84489440917969,2629000.0,AEE,
2025-02-14,97.40662684598227,99.16081974823751,95.9875147202162,96.64779663085938,3561300.0,AEE,
2025-02-18,97.02228478686325,97.08141978552403,96.10577125453607,96.91387939453125,2043700.0,AEE,
2025-02-19,97.1011238349808,97.22924339634814,95.83968750577172,96.48026275634766,2114800.0,AEE,
2025-02-20,96.1254862603819,96.40142452734517,95.18925854746642,95.8002700805664,2594300.0,AEE,
2025-02-21,95.44549058793358,97.29823184941843,95.27795771349196,97.1109848022461,4117900.0,AEE,
2025-02-24,97.36721816106673,98.33300211706744,96.49997499546964,97.40663146972656,2143000.0,AEE,
2025-02-25,97.23909453170144,98.26401344540065,97.03214083548626,97.96836853027344,1602600.0,AEE,
2025-02-26,97.53474645588587,98.27387001797199,97.29822902126934,97.8895263671875,1131800.0,AEE,
2025-02-27,97.24895194356655,98.62865077504271,96.85475120332283,98.02749633789062,1374700.0,AEE,
2025-02-28,98.94400724547872,100.2744281296895,98.42169447394626,100.0871810913086,1852400.0,AEE,
2025-03-03,100.01819416808377,102.36368431982912,99.51559558021265,102.16658020019531,2261400.0,AEE,
2025-03-04,102.28485110595531,102.59035311813642,98.42170026763401,98.54981231689453,2791400.0,AEE,
2025-03-05,97.67271961236979,98.69763856296356,96.97301684700129,97.29823303222656,1543200.0,AEE,
2025-03-06,97.05185646259086,97.05185646259086,95.18925813122584,95.73128509521484,1600100.0,AEE,
2025-03-07,95.77069948111834,97.93879215376529,95.56374579571823,97.16024780273438,2539300.0,AEE,
2025-03-10,97.36721307667258,99.24951049518099,96.81532904045112,97.81068420410156,2308400.0,AEE,
2025-03-11,97.6518650659387,98.56506169724113,96.81808572731681,97.14564514160156,2232700.0,AEE,
2025-03-12,96.59970939645892,97.50297788788036,96.3714083534085,96.72874450683594,2037800.0,AEE,
2025-03-13,96.98682802170114,97.84046359714124,96.6294918471947,97.23497772216797,1491900.0,AEE,
2025-03-14,96.91734120604073,98.88269006032783,96.71882448549465,98.38639068603516,1827700.0,AEE,
2025-03-17,98.59483443474231,100.13335793444426,98.30697989205365,99.9844741821289,2861900.0,AEE,
2025-03-18,99.30950909826468,99.89513873243253,98.30698222892158,99.1109848022461,1358900.0,AEE,
2025-03-19,98.87276108645403,99.71646850077657,98.34668496597978,99.31942749023438,2172800.0,AEE,
2025-03-20,99.6469922145828,99.72640193551841,98.74373125095549,99.2301025390625,2262700.0,AEE,
2025-03-21,98.19779664136323,99.08120894103006,97.42357081225546,98.17794799804688,3577200.0,AEE,
2025-03-24,98.45587432471079,99.20032340149304,97.91987008067626,98.07868194580078,1146700.0,AEE,
2025-03-25,97.75112816846789,98.20772268441941,95.87510956509558,96.46074676513672,1395200.0,AEE,
2025-03-26,96.47067608392396,98.52535521795939,96.26223125269459,98.14816284179688,1334700.0,AEE,
2025-03-27,98.37646754010856,98.64446588365601,97.71142816251526,97.90001678466797,1761800.0,AEE,
2025-03-28,98.79335718974913,99.33928955802183,98.43602101650296,98.96209716796875,1797800.0,AEE,
2025-03-31,99.24003170674838,101.10611473108807,99.08121226318183,99.65692138671875,3045300.0,AEE,
2025-04-01,99.38891486900808,100.12344343167784,98.85291060959817,99.92491912841797,1853400.0,AEE,
2025-04-02,100.34180814501025,100.87781240088997,99.32936071030042,100.09365844726562,1916600.0,AEE,
2025-04-03,101.13588929347924,102.17812104376407,100.15321861970604,100.92744445800781,3775500.0,AEE,
2025-04-04,101.72152778689,101.78108129121983,94.34651844124086,95.08103942871094,3099100.0,AEE,
2025-04-07,93.57228017069212,95.95451866848195,91.815383727667,93.64176177978516,2606300.0,AEE,
2025-04-08,95.77585290489621,96.57986305573588,92.6392447391809,93.53258514404297,2441000.0,AEE,
2025-04-09,92.87746332522075,96.88756312312108,91.09078257316162,95.63688659667969,2418400.0,AEE,
2025-04-10,95.4185207847756,97.612163243957,94.04873715458295,96.00415802001953,2098100.0,AEE,
2025-04-11,95.6368919982152,97.5625360760911,94.57481159476286,96.80815887451172,1321300.0,AEE,
2025-04-14,97.36400979630426,98.61468636797744,96.42104399318106,98.27720642089844,1881000.0,AEE,
2025-04-15,98.56506402272588,99.33928987626359,98.13824623514382,98.29705810546875,1668600.0,AEE,
2025-04-16,98.63454415526762,98.8926143872876,96.83793520184747,97.2746810913086,1231600.0,AEE,
2025-04-17,97.67171878106126,99.08120719240414,97.35408748311177,97.91986846923828,1747600.0,AEE,
2025-04-21,97.3540866519701,97.51289851312528,94.56487903108201,95.76593017578125,1248000.0,AEE,
2025-04-22,96.28207937201812,98.6841665450339,95.84533349585978,98.41616821289062,2168700.0,AEE,
2025-04-23,98.04890811905115,98.93232044401607,96.9669790635272,97.90001678466797,1055000.0,AEE,
2025-04-24,97.64194144398186,98.84298501879721,97.1952674641882,98.1878662109375,847400.0,AEE,
2025-04-25,97.97942244393447,98.26727699236037,97.03645665348182,97.55260467529297,1489300.0,AEE,
2025-04-28,97.5228260970196,98.68416480403117,97.22504344617836,98.15808868408203,1203200.0,AEE,
2025-04-29,97.82061201496913,98.78342646260107,97.54267799753514,98.47572326660156,980000.0,AEE,
2025-04-30,98.94224667993483,99.09113801150022,96.7088994252369,98.50550079345703,1755300.0,AEE,
2025-05-01,98.15809574932331,98.84299135179928,97.14564829485825,97.364013671875,1537800.0,AEE,
2025-05-02,98.14816331936767,99.39883988575708,95.4582215705175,98.74372863769531,2663900.0,AEE,
2025-05-05,98.61468523804233,99.14076136888919,97.80075455819994,98.8132095336914,1633200.0,AEE,
2025-05-06,98.7635741819016,99.37898812416329,98.41616613906331,98.72386932373047,1130000.0,AEE,
2025-05-07,98.60475939120467,99.37899280259929,98.4360194157291,98.80328369140625,1105200.0,AEE,
2025-05-08,98.37646302868401,98.74372729359652,96.82801139713588,96.95704650878906,2349600.0,AEE,
2025-05-09,96.95704937222106,97.07616395236855,95.95452248153106,96.67912292480469,1295300.0,AEE,
2025-05-12,96.21260194249338,96.21260194249338,94.267109204143,94.71377563476562,1314400.0,AEE,
2025-05-13,93.75095284126863,94.50533004333515,93.38369613503545,93.62191772460938,3421900.0,AEE,
2025-05-14,93.73109938458727,94.58473490739951,92.57968121040243,94.30680847167969,2659100.0,AEE,
2025-05-15,95.07111277213235,96.20267480924583,94.67407173370545,96.1034164428711,1659500.0,AEE,
2025-05-16,95.93466971958472,97.31438136212041,95.66666381899007,97.29452514648438,1254600.0,AEE,
2025-05-19,97.08608482511357,98.26727980366624,96.75853298119311,98.23750305175781,1751000.0,AEE,
2025-05-20,97.89009243239144,98.81320958206081,97.66179138551513,97.85038757324219,1236000.0,AEE,
2025-05-21,97.44341999835967,97.60223943748575,95.45822244684979,95.78578186035156,1928900.0,AEE,
2025-05-22,95.23984872865661,95.47807788540503,93.70132518252645,94.69392395019531,1861300.0,AEE,
2025-05-23,95.54756015491665,95.77585363221485,94.2472506107155,95.58726501464844,1451900.0,AEE,
2025-05-27,96.23245072891906,96.2820836981408,95.28948489712903,95.97438049316406,993600.0,AEE,
2025-05-28,95.65674897997077,95.86519381899654,94.37629562058859,94.61451721191406,1106900.0,AEE,
2025-05-29,94.058661114482,95.51778251105199,93.37376554313016,95.45822143554688,1042000.0,AEE,
2025-05-30,95.27955158833794,96.44089787756056,95.27955158833794,96.1629638671875,2370600.0,AEE,
2025-06-02,95.63688721601758,96.56993245623828,95.27955106329166,96.43096923828125,1279200.0,AEE,
2025-06-03,96.5997085571289,96.97689335005731,95.49792335578864,96.5997085571289,1887200.0,AEE,
2025-06-04,96.45082122260473,97.03645843822254,95.66666728100701,95.78578186035156,2089200.0,AEE,
2025-06-05,95.8453380640306,96.09348776496103,95.17037057458272,95.30933380126953,2293800.0,AEE,
2025-06-06,95.51778167291725,95.81555675611958,94.77333260552017,95.32918548583984,1458000.0,AEE,
2025-06-09,95.1108147491235,95.80563086560498,94.51525699600684,95.22000122070312,2344400.0,AEE,
2025-06-10,95.48999786376953,95.95999908447266,94.95999908447266,95.63999938964844,1732400.0,AEE,
2025-06-11,95.80999755859375,96.13999938964844,95.61000061035156,95.8499984741211,1512800.0,AEE,
2025-06-12,96.1500015258789,97.27999877929688,95.98999786376953,97.16999816894531,2001800.0,AEE,
2025-06-13,97.3499984741211,97.43000030517578,95.43000030517578,95.69999694824219,1350000.0,AEE,
2025-06-16,96.11000061035156,96.52999877929688,94.2300033569336,94.80999755859375,1203600.0,AEE,
2025-06-17,94.68000030517578,94.73999786376953,93.5,94.37999725341797,1409146.0,AEE,
2024-06-18,446.28832386783046,446.7150751827561,441.50502038116036,442.9439697265625,17112500.0,MSFT,
2024-06-20,442.9042790324355,443.1325399619797,437.912551396736,442.3088684082031,19877400.0,MSFT,
2024-06-21,443.9760852156284,447.15171963768364,443.11270951249037,446.3578186035156,34486200.0,MSFT,
2024-06-24,446.37762314479846,449.30518978099155,443.0134321712583,444.26385498046875,15913700.0,MSFT,
2024-06-25,444.8394216277891,447.98531552571586,443.3508346061679,447.5188903808594,16747500.0,MSFT,
2024-06-26,445.5837356077352,450.14874207415585,444.7799010019638,448.7196960449219,16507000.0,MSFT,
2024-06-27,448.73953390240615,452.6991961641024,448.3326497960473,449.4044494628906,14806300.0,MSFT,
2024-06-28,449.62274649126965,451.9151680373726,443.01341660893064,443.54931640625,28362300.0,MSFT,
2024-07-01,445.2463078469115,453.8900280472802,442.2691337894114,453.2549133300781,17662800.0,MSFT,
2024-07-02,449.7517960549086,456.0931613731061,449.6624541774822,455.7855224609375,13979800.0,MSFT,
2024-07-03,454.70380374999445,457.5122579984809,454.39616484845857,457.26416015625,9932800.0,MSFT,
2024-07-05,456.1129790053472,464.78650009669735,455.4778642825478,464.00250244140625,16000300.0,MSFT,
2024-07-08,463.0002048353039,464.14147919648303,460.92611040198074,462.69256591796875,12962300.0,MSFT,
2024-07-09,463.4467488725584,463.7742246843102,454.5152269456782,456.04351806640625,17207200.0,MSFT,
2024-07-10,457.71075666628917,462.91087784219644,455.36869724486377,462.7024841308594,18196100.0,MSFT,
2024-07-11,459.457386639418,461.2436790661222,448.1143297880847,451.2403869628906,23111200.0,MSFT,
2024-07-12,450.87318519796065,452.8877385900335,447.2211920029864,450.09912109375,16324300.0,MSFT,
2024-07-15,449.85099950163277,453.7808911637112,447.99523247056425,450.5059814453125,14429400.0,MSFT,
2024-07-16,450.764044396858,450.84342238707205,443.26156747821994,446.09979248046875,17175700.0,MSFT,
2024-07-17,439.22246908643666,441.4652831527976,435.8384110633041,440.1453857421875,21778000.0,MSFT,
2024-07-18,440.959204368169,441.2668432886357,431.09483113122303,437.0194091796875,20794800.0,MSFT,
2024-07-19,429.80471086507333,437.7835460054657,428.7130742947466,433.7841796875,20940400.0,MSFT,
2024-07-22,438.4285802305258,441.21719748360306,435.57048831489556,439.56982421875,15808800.0,MSFT,
2024-07-23,440.5225176097392,444.9783753997072,439.7286166377608,441.4653015136719,13107100.0,MSFT,
2024-07-24,437.0987963490377,438.12095826115956,424.3366274271562,425.63665771484375,26805800.0,MSFT,
2024-07-25,425.5374171635106,426.52980855641556,414.3333401430881,415.216552734375,29943800.0,MSFT,
2024-07-26,415.0180872010169,425.6565240052853,414.0951402007918,422.0342712402344,23583800.0,MSFT,
2024-07-29,428.2962896472579,428.8619600435467,421.46866189532847,423.48321533203125,15125800.0,MSFT,
2024-07-30,424.4656455012434,425.7855127211385,414.18445497765873,419.7021789550781,32687600.0,MSFT,
2024-07-31,417.30059719182844,418.57085701348217,409.07366373993483,415.1669616699219,42891400.0,MSFT,
2024-08-01,417.58836350695543,424.20759683358074,409.94693801865395,413.93634033203125,30296400.0,MSFT,
2024-08-02,409.35152365396425,411.84243578824686,401.2635397070065,405.3819580078125,29437900.0,MSFT,
2024-08-05,386.20895177644206,397.9886321568055,382.6462402085907,392.1434326171875,40709200.0,MSFT,
2024-08-06,396.9565662320286,402.5834388839359,395.4679791086585,396.56951904296875,24946500.0,MSFT,
2024-08-07,405.53080524275083,406.95982088699543,394.44578082628846,395.3984680175781,20650900.0,MSFT,
2024-08-08,399.3779702821044,402.77193167950935,396.8969919508049,399.6260681152344,20203000.0,MSFT,
2024-08-09,400.9558760021183,404.945278327108,399.1993542150353,402.93072509765625,19276700.0,MSFT,
2024-08-12,403.9628500529108,405.64992758545134,401.1642989727411,403.7147521972656,16762900.0,MSFT,
2024-08-13,406.47357171655057,411.79280513110314,406.4537347921751,410.8599548339844,19414300.0,MSFT,
2024-08-14,411.64393908583247,414.54173528870035,409.3118435327495,413.6882629394531,18267000.0,MSFT,
2024-08-15,417.35676799168647,418.6591414148161,415.22923848625584,418.5796203613281,20752100.0,MSFT,
2024-08-16,418.15215435686315,418.8878379189571,414.87134183677813,416.0345458984375,22775600.0,MSFT,
2024-08-19,416.52170147668573,419.2954725526047,414.03625113553215,419.0767517089844,15234000.0,MSFT,
2024-08-20,419.24576369099765,423.3815262412174,419.18611531171354,422.32769775390625,16387600.0,MSFT,
2024-08-21,421.6118605911061,423.91836557959886,419.26561024554667,421.6715393066406,16067300.0,MSFT,
2024-08-22,421.8902550651885,424.30613578026436,412.1969990352219,413.13153076171875,19361900.0,MSFT,
2024-08-23,414.5532154876874,416.8199448280934,409.69166039420327,414.36431884765625,18493800.0,MSFT,
2024-08-26,413.94673947074824,414.85144695028356,408.9460150702165,411.08349609375,13152800.0,MSFT,
2024-08-27,410.4571501735566,411.9484202096587,407.8623548739229,411.43145751953125,13492900.0,MSFT,
2024-08-28,412.46544730687265,412.58474406521935,404.939496621488,408.2103576660156,14882700.0,MSFT,
2024-08-29,412.52511339470357,419.5937196899045,408.21037518945246,410.7156982421875,17045200.0,MSFT,
2024-08-30,413.18123450252676,415.0602190186727,409.7314285183125,414.7122802734375,24308300.0,MSFT,
2024-09-03,415.47780496274754,417.43634095322227,404.66112073149435,407.0570983886719,20313600.0,MSFT,
2024-09-04,403.5476443909062,408.8466109265116,402.01659855552833,406.5202331542969,15135800.0,MSFT,
2024-09-05,405.2476455783769,410.69576288507244,403.7663270914325,406.01318359375,14195500.0,MSFT,
2024-09-06,406.6793029587105,408.2600456523483,398.4673657515399,399.3621520996094,19609500.0,MSFT,
2024-09-09,404.8698768958274,406.27167441765806,399.8095040440946,403.3587341308594,15295100.0,MSFT,
2024-09-10,405.8243177579556,413.9069762623546,405.327227721672,411.7893981933594,19594300.0,MSFT,
2024-09-11,413.08181573237965,421.52239474938517,407.19625641616165,420.57794189453125,19266900.0,MSFT,
2024-09-12,420.84636566939764,424.8827343519594,417.30708702498356,424.514892578125,17418800.0,MSFT,
2024-09-13,423.3517078052634,429.31678853449597,422.98386601468917,428.0840148925781,15874600.0,MSFT,
2024-09-16,428.0939672962221,431.00690777681865,425.7278137476254,428.82965087890625,13834700.0,MSFT,
2024-09-17,437.6679140298658,439.27848092894993,429.75421863095636,432.6174621582031,18874200.0,MSFT,
2024-09-18,432.46835149823806,433.4923558065776,427.9050683956392,428.302734375,18898000.0,MSFT,
2024-09-19,438.6620972919553,438.9305149970845,434.3572804602649,436.1368713378906,21706600.0,MSFT,
2024-09-20,434.6754186759471,436.6836515284863,431.6928784161533,432.73675537109375,55167100.0,MSFT,
2024-09-23,431.75253779309,433.9198431554934,427.88519293448667,430.9870300292969,15128900.0,MSFT,
2024-09-24,430.4799988167568,430.82796793229323,423.62016194748605,426.67230224609375,17015800.0,MSFT,
2024-09-25,427.3284243659067,430.599285430914,426.0757780554542,429.59515380859375,13396400.0,MSFT,
2024-09-26,432.5578349333773,432.7666042682911,426.6325297741478,428.7998352050781,14492000.0,MSFT,
2024-09-27,429.0085608111411,429.3366572153901,424.982143776937,425.5289306640625,14896100.0,MSFT,
2024-09-30,425.7178520466358,427.9150119120048,422.8943842039572,427.7956848144531,16807300.0,MSFT,
2024-10-01,425.95648564338745,425.9863098334652,416.37257469880086,418.24163818359375,19092900.0,MSFT,
2024-10-02,420.12059464326444,420.35921848784164,414.28476256993423,414.70233154296875,16582300.0,MSFT,
2024-10-03,415.19943635003835,417.1082451347957,411.8788784861643,414.11578369140625,13686400.0,MSFT,
2024-10-04,415.8058857128688,417.30710741019845,412.554927626964,413.6385803222656,19169700.0,MSFT,
2024-10-07,413.5789195776064,414.68244492002515,406.6196589116371,407.1565246582031,20919800.0,MSFT,
2024-10-08,408.50859351504334,413.24090045920747,405.79450128292336,412.2964172363281,19229300.0,MSFT,
2024-10-09,413.4397013585542,417.93341460570645,411.88878290651843,415.0303955078125,14974300.0,MSFT,
2024-10-10,412.81342552487126,414.92108254210694,410.74551386798254,413.41986083984375,13848400.0,MSFT,
2024-10-11,413.7180885691892,414.70231708134946,410.84489374484957,413.89703369140625,14144900.0,MSFT,
2024-10-14,415.3386008817118,421.5721293976272,415.09005586184196,416.7006530761719,16653100.0,MSFT,
2024-10-15,419.7229298265709,420.02120204810905,412.84322081195853,416.3029479980469,18900200.0,MSFT,
2024-10-16,412.7537587941709,413.93680518127485,408.09105177334885,413.6982116699219,15508900.0,MSFT,
2024-10-17,419.9018679111856,420.0410676802283,413.17127995027164,414.2947082519531,14820000.0,MSFT,
2024-10-18,414.7122961104646,417.2076674979936,413.8374127793913,415.7263488769531,17145300.0,MSFT,
2024-10-21,413.6982202013397,416.5216880571269,411.3420182082338,416.3427429199219,14206100.0,MSFT,
2024-10-22,416.0544182638452,428.07405197206367,415.6070554250592,425.0219421386719,25482200.0,MSFT,
2024-10-23,428.35242251551375,428.5711433507003,420.0709156477079,422.1288757324219,19654400.0,MSFT,
2024-10-24,422.85460145374896,423.5008427798279,419.94166109145596,422.25811767578125,13581600.0,MSFT,
2024-10-25,424.2763085648032,430.0027653012564,424.0874119188817,425.658203125,16899100.0,MSFT,
2024-10-28,429.14776948636137,429.426138690306,423.8189485737485,424.1072692871094,14882400.0,MSFT,
2024-10-29,425.5090727531412,430.64899709836675,423.32186444879665,429.43609619140625,17644100.0,MSFT,
2024-10-30,434.8941538571239,435.9479823564893,429.5852356603292,430.0127258300781,29749100.0,MSFT,
2024-10-31,412.9426186903331,413.7379809491165,403.93534969689097,403.9850769042969,53971000.0,MSFT,
2024-11-01,406.6296190582037,413.0818383039077,405.12839737386855,407.981689453125,24230400.0,MSFT,
2024-11-04,407.414991879503,408.03140902561756,403.2096294840388,406.0827941894531,19672300.0,MSFT,
2024-11-05,405.99332524640585,412.4853201284023,405.7050045203228,409.0653381347656,17626000.0,MSFT,
2024-11-06,410.01974169679755,418.00300613139274,408.1307753660983,417.73455810546875,26681800.0,MSFT,
2024-11-07,418.8281688837221,424.3657590257446,417.43632288625736,422.9540100097656,19901800.0,MSFT,
2024-11-08,422.8446603519728,424.0177855133015,419.32525452801985,420.0808410644531,16891400.0,MSFT,
2024-11-11,420.0609408352946,422.3376216288976,413.5788978774876,415.57720947265625,24503300.0,MSFT,
2024-11-12,415.81581365023004,421.969790701444,414.77193671429194,420.5679931640625,19401200.0,MSFT,
2024-11-13,419.1860937392156,426.8313104637277,415.7760330857976,422.7253723144531,21502200.0,MSFT,
2024-11-14,422.526533184943,425.6780973820496,417.5556327945319,424.4055480957031,30246900.0,MSFT,
2024-11-15,417.3767027455775,420.3393400677491,411.23267692258383,412.5847473144531,28247600.0,MSFT,
2024-11-18,412.4554971706168,415.9649517435253,409.7016291897124,413.34033203125,24742000.0,MSFT,
2024-11-19,410.7057043157201,415.5076109291685,409.154785870871,415.3584899902344,18133500.0,MSFT,
2024-11-20,414.4438422518667,414.86141123218795,408.19044109637775,413.0718688964844,19191700.0,MSFT,
2024-11-21,417.8933391524707,418.1722655525636,408.7186214344056,411.2887268066406,20780200.0,MSFT,
2024-11-22,409.7944811664486,415.80138553605957,409.4856708735379,415.4029235839844,24814600.0,MSFT,
2024-11-25,416.7776323033626,419.46727321033643,413.2611532266888,417.1860656738281,27691100.0,MSFT,
2024-11-26,417.98300734363517,427.396826920373,417.24585120009374,426.350830078125,23458900.0,MSFT,
2024-11-27,423.48187093647766,425.5937771564677,420.4037088714897,421.3699951171875,18332400.0,MSFT,
2024-11-29,418.48107704362025,423.2527401453399,416.1998390930093,421.8381652832031,16271900.0,MSFT,
2024-12-02,419.9554423160969,431.3416594246016,419.69642835819553,429.32940673828125,20207200.0,MSFT,
2024-12-03,428.19374634076934,430.8136785324232,426.10178307894205,429.5485534667969,18302000.0,MSFT,
2024-12-04,431.3715193088951,437.98610309109085,430.973057365549,435.7447204589844,26009400.0,MSFT,
2024-12-05,436.24279326556575,442.95696954495514,434.4994957116604,440.9247741699219,21697800.0,MSFT,
2024-12-06,440.605999369761,444.3914637865622,440.0780304611881,441.87115478515625,18821000.0,MSFT,
2024-12-09,440.90485264962797,446.61288735234007,438.8128895478079,444.3117370605469,19144400.0,MSFT,
2024-12-10,442.68804835999237,447.89799856218906,439.9087252497819,441.632080078125,18469500.0,MSFT,
2024-12-11,442.34933339299914,448.6252234428676,442.34933339299914,447.2704162597656,19200200.0,MSFT,
2024-12-12,447.389907127457,454.4129240722559,447.389907127457,447.83819580078125,20834800.0,MSFT,
2024-12-13,446.722508676707,449.7010474581427,443.8734464678006,445.5569763183594,20177800.0,MSFT,
2024-12-16,445.5569810702514,450.4481798147897,443.57461233779367,449.8604431152344,23598800.0,MSFT,
2024-12-17,449.2826833242326,453.5462901057899,447.84819595840975,452.7194519042969,22733500.0,MSFT,
2024-12-18,449.59148560028365,450.9163784238889,435.34623528561843,435.71484375,24444500.0,MSFT,
2024-12-19,439.92861811038824,441.4826409757379,434.64892893973837,435.356201171875,22963700.0,MSFT,
2024-12-20,431.45120224609855,442.04049490082355,426.988379811487,434.9278564453125,64263700.0,MSFT,
2024-12-23,435.06732205874545,435.97384050264867,431.1722932989543,433.5830383300781,19152500.0,MSFT,
2024-12-24,432.9853009034494,437.9163547514511,432.52707119819956,437.6473693847656,7164500.0,MSFT,
2024-12-26,437.3983540840164,439.2512462781778,434.9577555797017,436.43206787109375,8194200.0,MSFT,
2024-12-27,432.9355230391817,433.5531436249425,424.71711987555517,428.881103515625,18117700.0,MSFT,
2024-12-30,424.42821148968693,425.91249514442245,420.2841404099869,423.2029113769531,13158700.0,MSFT,
2024-12-31,424.4680695178944,425.09566152109494,419.0489019483089,419.88568115234375,13246500.0,MSFT,
2025-01-02,423.90026204092493,424.43820240788705,413.2611726539346,416.97686767578125,16896500.0,MSFT,
2025-01-03,419.4672816518615,422.40599553232005,417.93320162542307,421.7286071777344,16662900.0,MSFT,
2025-01-06,426.3607841744266,432.6565862275622,423.85044657634234,426.21136474609375,20573600.0,MSFT,
2025-01-07,427.356962317073,429.00063686122985,419.18835553907815,420.7523498535156,18139100.0,MSFT,
2025-01-08,421.8381972488523,425.33476415419165,419.9255676122581,422.9339904785156,15054600.0,MSFT,
2025-01-10,423.0036976315441,423.0833778600729,413.4304875422897,417.345458984375,20201100.0,MSFT,
2025-01-13,413.6496498082875,416.8971739621178,410.71096634455273,415.5921936035156,17604800.0,MSFT,
2025-01-14,416.2098216251219,418.13242259689986,409.1469793562449,414.0780334472656,16935900.0,MSFT,
2025-01-15,417.52478252697114,426.51022596326726,416.6680604251186,424.6772766113281,19637800.0,MSFT,
2025-01-16,427.0581034768278,427.8450559110229,422.76461308505725,422.953857421875,15300000.0,MSFT,
2025-01-17,432.4274897834489,432.816010728012,426.53017961505896,427.3868713378906,26197500.0,MSFT,
2025-01-21,428.55235740588927,429.2496581837696,423.96996920550396,426.8588562011719,26085700.0,MSFT,
2025-01-22,435.8841949618168,445.55699830786784,434.3301720077898,444.4911193847656,27803800.0,MSFT,
2025-01-23,440.30716256200645,445.03897030447143,439.8090775364838,444.9991149902344,18389300.0,MSFT,
2025-01-24,443.4550766157881,444.9393603072831,439.70946738545626,442.3592834472656,15549500.0,MSFT,
2025-01-27,422.3860783898249,433.5332238334213,421.8780219291722,432.8956604003906,35647800.0,MSFT,
2025-01-28,432.93552501884864,446.66274757404807,429.72785612913765,445.4872741699219,23491700.0,MSFT,
2025-01-29,444.97921209968376,445.16848684550723,438.7132938317083,440.6358947753906,23581400.0,MSFT,
2025-01-30,417.1661258658952,421.24045777086803,411.57762641112805,413.4006042480469,54586300.0,MSFT,
2025-01-31,417.37536767699305,419.078810069406,413.32094799383236,413.4703674316406,34223400.0,MSFT,
2025-02-03,410.02361028085903,413.819015846871,407.09486781879804,409.3462219238281,25679100.0,MSFT,
2025-02-04,411.1094311345796,412.3347312724244,408.1707172498281,410.7906494140625,20532100.0,MSFT,
2025-02-05,410.7707509847515,412.2450632912695,408.82820710975375,411.7071533203125,16316700.0,MSFT,
2025-02-06,412.41441067873023,416.59833715024297,412.41441067873023,414.2274475097656,16309800.0,MSFT,
2025-02-07,414.8849302333569,417.0466023053385,406.5370200109021,408.1806945800781,22886800.0,MSFT,
2025-02-10,412.1255190561223,413.8688167120759,409.34622639599064,410.6412353515625,20817900.0,MSFT,
2025-02-11,408.0711332799312,410.9101937368833,407.7324086942097,409.8642272949219,18140600.0,MSFT,
2025-02-12,405.65041091349894,409.17686151888216,402.82129152637,407.4734191894531,19121700.0,MSFT,
2025-02-13,405.4412312140984,409.425911619151,404.80366775695455,408.9676818847656,23891700.0,MSFT,
2025-02-14,406.22818963820515,407.3438952203064,404.3255012113121,406.86572265625,22758500.0,MSFT,
2025-02-18,406.4374029097933,409.0274512633779,404.94314775203674,408.0711364746094,21423100.0,MSFT,
2025-02-19,406.31786140389937,413.8987012007662,406.0887313388178,413.18145751953125,24114200.0,MSFT,
2025-02-20,414.52900508229465,418.5416276159257,411.78404435480104,415.3674621582031,23508700.0,MSFT,
2025-02-21,416.57521868274245,417.28390907488637,407.14255413255484,407.4619445800781,27524800.0,MSFT,
2025-02-24,407.7614192904554,408.6198287275297,398.58825743588903,403.2596740722656,26443700.0,MSFT,
2025-02-25,400.3649855487621,401.18349019975926,395.9730546936776,397.17083740234375,29387400.0,MSFT,
2025-02-26,397.28064827533655,402.860400830509,393.5275288045757,398.99749755859375,19619000.0,MSFT,
2025-02-27,400.53467393026557,404.9964840093174,391.45137377356565,391.8106994628906,21127400.0,MSFT,
2025-02-28,391.94046026830176,396.9013540385077,385.86162375466716,396.26251220703125,32845700.0,MSFT,
2025-03-03,398.0891633417286,398.0891633417286,385.4523593369203,387.778076171875,23007700.0,MSFT,
2025-03-04,382.6974135187692,391.86058386063223,380.30181761040467,387.8978576660156,29342900.0,MSFT,
2025-03-05,388.62653647287385,400.9339589862258,388.09750890861034,400.2851257324219,23433100.0,MSFT,
2025-03-06,393.557486671848,401.4130601425524,391.9604125552081,396.1627197265625,23304600.0,MSFT,
2025-03-07,391.601087821307,394.07652376953155,384.83351327034705,392.5892639160156,22034100.0,MSFT,
2025-03-10,385.1329632711281,385.69193466137494,376.5287638766263,379.46337890625,32840100.0,MSFT,
2025-03-11,378.30548307291184,385.29265558349334,376.2193166501511,379.7528381347656,30380200.0,MSFT,
2025-03-12,382.2482670126177,384.5140963348653,378.2555969008229,382.5676574707031,24253600.0,MSFT,
2025-03-13,382.4578672121625,384.6139126915579,376.75833925298997,378.0758972167969,20473000.0,MSFT,
2025-03-14,379.0840519928303,389.51491455417886,378.81455773398244,387.84796142578125,19952800.0,MSFT,
2025-03-17,385.9913968692823,391.99036302361236,384.8634626840814,387.98773193359375,22474300.0,MSFT,
2025-03-18,386.36071271152235,386.6601507855219,380.4016513456866,382.81719970703125,19486900.0,MSFT,
2025-03-19,384.8235322758774,388.9659214939022,383.29633715100766,387.1093444824219,19185500.0,MSFT,
2025-03-20,385.0331131975468,391.07204471614995,382.5776297310475,386.131103515625,18470500.0,MSFT,
2025-03-21,382.5177544739553,391.0221306945889,382.09851071654674,390.54302978515625,39675900.0,MSFT,
2025-03-24,394.67543616141086,394.67543616141086,389.09568331150246,392.35968017578125,21004500.0,MSFT,
2025-03-25,393.19816458592396,395.63366532055824,391.9205113732519,394.4358825683594,15775000.0,MSFT,
2025-03-26,394.27618318122023,394.5856126855185,387.85797313035886,389.2554016113281,16108400.0,MSFT,
2025-03-27,389.4151007040484,391.5212195564284,386.6900923994873,389.8642578125,13766800.0,MSFT,
2025-03-28,387.36882809704144,388.4169222438939,376.2392666189567,378.1058349609375,21632000.0,MSFT,
2025-03-31,371.8573344110368,376.3790320336197,366.5670283067677,374.7021179199219,35184700.0,MSFT,
2025-04-01,373.96346276032,382.1484487727996,372.54608191207893,381.4896545410156,19689500.0,MSFT,
2025-04-02,377.2773862564683,384.3743428432238,375.92985398533636,381.43975830078125,16092600.0,MSFT,
2025-04-03,374.10321411915555,376.788287190408,368.67318036225987,372.42626953125,30198000.0,MSFT,
2025-04-04,363.4627502923482,373.9035742050073,358.8212773354498,359.18060302734375,49209900.0,MSFT,
2025-04-07,350.2370336524557,370.32015981776436,344.1581969485817,357.2042236328125,50425000.0,MSFT,
2025-04-08,367.585185716996,372.9652928837084,349.6081786868937,353.9102783203125,35868900.0,MSFT,
2025-04-09,352.8921435234206,392.50941370351666,352.45294739016697,389.7744140625,50199700.0,MSFT,
2025-04-10,381.3598744812396,383.19649903483815,367.12599611378243,380.65118408203125,38024400.0,MSFT,
2025-04-11,379.9425037151649,389.3352333779351,378.19571053548395,387.7381896972656,23839200.0,MSFT,
2025-04-14,392.4994245329486,393.92679674338564,383.5059256339463,387.0993347167969,19251200.0,MSFT,
2025-04-15,387.79806728846995,391.17187833074144,383.4560325474498,385.0231628417969,17199900.0,MSFT,
2025-04-16,379.97244183574617,380.9106912763521,367.32564600100716,370.92901611328125,21967800.0,MSFT,
2025-04-17,373.0651098854367,373.6340726815441,366.2176953329466,367.1060485839844,20943700.0,MSFT,
2025-04-21,362.1551460624454,363.8121077971333,355.01825440362086,358.4619140625,20807300.0,MSFT,
2025-04-22,362.7141283475077,367.09606804173376,359.20055908423666,366.1478271484375,19485000.0,MSFT,
2025-04-23,375.3708716590499,379.6929540391626,372.33643389707953,373.7039489746094,20545500.0,MSFT,
2025-04-24,375.01155205300716,387.7381880213899,374.5024768665421,386.59027099609375,22232300.0,MSFT,
2025-04-25,386.29083932956814,391.44138750936105,383.8952433175299,391.1319580078125,18973200.0,MSFT,
2025-04-28,391.241728610284,392.0202980494585,385.9315006090283,390.4432067871094,16579400.0,MSFT,
2025-04-29,390.5829324517716,394.3759872470841,389.66463540586307,393.31793212890625,14974000.0,MSFT,
2025-04-30,389.58477271143016,395.93313400867555,383.73552563819743,394.53570556640625,36461100.0,MSFT,
2025-05-01,430.3199808366381,436.1892106723326,424.12136912560175,424.6204528808594,58938100.0,MSFT,
2025-05-02,430.948839257634,438.63474141621873,429.20204608174254,434.48236083984375,30757400.0,MSFT,
2025-05-05,432.07675654489867,438.6946118778074,431.3181395047298,435.3707275390625,20136100.0,MSFT,
2025-05-06,431.408009380462,436.92787448428356,430.3798980651205,432.5159606933594,15104200.0,MSFT,
2025-05-07,433.04500054847074,437.3171563878889,430.319992206568,432.555908203125,23295300.0,MSFT,
2025-05-08,437.12748451655574,442.85698666150637,434.86165526525525,437.3670654296875,23491300.0,MSFT,
2025-05-09,439.19371771814804,439.93235195021686,435.08127232610667,437.9260559082031,15324200.0,MSFT,
2025-05-12,445.12281367736733,448.5465208630377,438.9740982732109,448.4367370605469,22821900.0,MSFT,
2025-05-13,446.9594623818115,449.8441812103938,444.54388351816056,448.3169860839844,23618800.0,MSFT,
2025-05-14,447.3187935842875,453.0682176126866,447.3187935842875,452.1099853515625,19902800.0,MSFT,
2025-05-15,450.7699890136719,456.19000244140625,450.42999267578125,453.1300048828125,21992300.0,MSFT,
2025-05-16,452.04998779296875,454.3599853515625,448.7300109863281,454.2699890136719,23849800.0,MSFT,
2025-05-19,450.8800048828125,459.5899963378906,450.79998779296875,458.8699951171875,21336500.0,MSFT,
2025-05-20,455.5899963378906,458.3399963378906,454.32000732421875,458.1700134277344,15441800.0,MSFT,
2025-05-21,454.57000732421875,457.7799987792969,451.80999755859375,452.57000732421875,19216900.0,MSFT,
2025-05-22,454.95001220703125,460.25,453.8999938964844,454.8599853515625,18025600.0,MSFT,
2025-05-23,449.9800109863281,453.69000244140625,448.9100036621094,450.17999267578125,16883500.0,MSFT,
2025-05-27,456.4800109863281,460.95001220703125,456.1199951171875,460.69000244140625,20974300.0,MSFT,
2025-05-28,461.2200012207031,462.5199890136719,456.92999267578125,457.3599853515625,17086300.0,MSFT,
2025-05-29,461.54998779296875,461.7200012207031,455.30999755859375,458.67999267578125,13974800.0,MSFT,
2025-05-30,459.7200012207031,461.67999267578125,455.5400085449219,460.3599853515625,34770500.0,MSFT,
2025-06-02,457.1400146484375,462.1099853515625,456.8900146484375,461.9700012207031,16626500.0,MSFT,
2025-06-03,461.4700012207031,464.1400146484375,460.8599853515625,462.9700012207031,15743800.0,MSFT,
2025-06-04,464.0,465.69000244140625,463.0199890136719,463.8699951171875,14162700.0,MSFT,
2025-06-05,464.9599914550781,469.6499938964844,464.0299987792969,467.67999267578125,20131700.0,MSFT,
2025-06-06,470.0899963378906,473.3399963378906,468.7799987792969,470.3800048828125,15285600.0,MSFT,
2025-06-09,469.70001220703125,473.42999267578125,468.6199951171875,472.75,16469900.0,MSFT,
2025-06-10,471.19000244140625,472.79998779296875,466.9599914550781,470.9200134277344,15375900.0,MSFT,
2025-06-11,470.0199890136719,475.4700012207031,469.6600036621094,472.6199951171875,16399200.0,MSFT,
2025-06-12,475.0199890136719,480.4200134277344,473.5199890136719,478.8699951171875,18950600.0,MSFT,
2025-06-13,476.4100036621094,479.17999267578125,472.760009765625,474.9599914550781,16814500.0,MSFT,
2025-06-16,475.2099914550781,480.69000244140625,475.0,479.1400146484375,15626100.0,MSFT,
2025-06-17,475.3949890136719,478.7398986816406,474.1000061035156,478.0400085449219,15393773.0,MSFT,
2024-06-18,176.2860463404059,176.5348411452888,173.26070819453116,174.2459259033203,21869900.0,GOOGL,
2024-06-20,174.52457916649684,176.43532149280932,174.14642137972143,175.45010375976562,20160100.0,GOOGL,
2024-06-21,176.14674209614626,179.97818860566352,175.75862276334365,178.76406860351562,58582700.0,GOOGL,
2024-06-24,179.2915042861555,180.01798091499936,177.80868167939616,178.3560333251953,18298000.0,GOOGL,
2024-06-25,178.75407846169193,183.4015633843086,178.5550456638408,183.142822265625,23235600.0,GOOGL,
2024-06-26,181.7495716044411,183.62049806587498,181.60028562196968,182.99354553222656,19839000.0,GOOGL,
2024-06-27,183.29210815644674,185.15310369188768,183.1328910161964,184.5161895751953,18848900.0,GOOGL,
2024-06-28,183.43144872221652,184.23754149419085,181.08282505826105,181.2718963623047,29156600.0,GOOGL,
2024-07-01,182.14766487012025,182.99357334366735,180.4260089442712,182.1078643798828,16006100.0,GOOGL,
2024-07-02,181.17239104652464,184.675426365642,180.68474773241152,184.34701538085938,17372500.0,GOOGL,
2024-07-03,183.95888453835914,185.1928970502459,183.11297612888922,184.92420959472656,10242100.0,GOOGL,
2024-07-05,184.9640125784332,189.93990873605247,184.90430425417856,189.68116760253906,20967500.0,GOOGL,
2024-07-08,188.98454503756395,189.2532477033315,186.87476975804535,188.11874389648438,21035900.0,GOOGL,
2024-07-09,189.39257531263542,190.43751664314703,187.81024382698632,188.06898498535156,15121400.0,GOOGL,
2024-07-10,188.23814915276566,190.82562127808606,188.11873250198266,190.25836181640625,15952500.0,GOOGL,
2024-07-11,188.93479649413544,189.93992212212828,184.18778697335526,184.67543029785156,25625800.0,GOOGL,
2024-07-12,184.187787512886,186.20800028635384,183.60063536764247,184.17784118652344,22898400.0,GOOGL,
2024-07-15,184.02854389156028,187.3325462689943,184.02854389156028,185.6307830810547,16474000.0,GOOGL,
2024-07-16,186.45677457315372,187.7704032141678,182.4860041186225,183.03335571289062,18290700.0,GOOGL,
2024-07-17,182.08795064839637,182.6651564421575,179.03274302740357,180.14735412597656,20734100.0,GOOGL,
2024-07-18,181.05295487059834,181.62021433579056,175.61928463310315,176.83340454101562,25315700.0,GOOGL,
2024-07-19,178.0176629486904,179.42085410193457,176.27609932136212,176.8035430908203,18881900.0,GOOGL,
2024-07-22,179.7194093461357,181.8192380802969,179.3611442242096,180.79420471191406,24100300.0,GOOGL,
2024-07-23,181.1723915861467,182.7248688386663,180.66484043304783,180.91363525390625,36352700.0,GOOGL,
2024-07-24,172.76311556825274,175.34062605737992,170.99169780323467,171.79779052734375,49585200.0,GOOGL,
2024-07-25,171.68833187653044,172.5839871452518,166.3840245463068,166.4735870361328,44852000.0,GOOGL,
2024-07-26,166.34420184034042,167.2796727440398,163.26910167112166,166.19493103027344,41336900.0,GOOGL,
2024-07-29,168.01611559502874,169.608393293323,167.18016866453198,168.71273803710938,20293800.0,GOOGL,
2024-07-30,169.41932361948145,170.40454137374448,167.62799790459795,169.4690704345703,18959700.0,GOOGL,
2024-07-31,172.40486009944772,173.40998568320978,169.19042016317357,170.71304321289062,25729100.0,GOOGL,
2024-08-01,169.42927737353662,173.21096178514637,168.06588657934952,169.9368133544922,24531400.0,GOOGL,
2024-08-02,165.6376419849292,167.69765520059823,163.8761704054218,165.85658264160156,29130100.0,GOOGL,
2024-08-05,154.75036261781605,163.63730541364623,154.18310319583753,158.48228454589844,53630700.0,GOOGL,
2024-08-06,158.5619114256832,159.79593916003876,155.65598984339135,157.52691650390625,49004600.0,GOOGL,
2024-08-07,160.47265932061046,162.19431522765845,157.70606212977745,158.17379760742188,25138600.0,GOOGL,
2024-08-08,159.73620945801972,162.9008872407048,159.43766784333874,161.24888610839844,25578800.0,GOOGL,
2024-08-09,159.23863676584534,163.0004133626571,158.2932194534078,162.88099670410156,28602300.0,GOOGL,
2024-08-12,163.55771134919158,164.10504777357423,161.05980178129553,161.50762939453125,15895300.0,GOOGL,
2024-08-13,162.6222374229294,163.9358660763168,162.1843561433904,163.36862182617188,18551700.0,GOOGL,
2024-08-14,161.61710599661225,162.43316027996852,156.94972801568116,159.59689331054688,40591100.0,GOOGL,
2024-08-15,159.7262535454453,160.86075716882624,158.84054470951835,160.52239990234375,31524300.0,GOOGL,
2024-08-16,160.69158549485795,164.26427515296893,160.35322821372176,162.17440795898438,24208600.0,GOOGL,
2024-08-19,164.48321762709017,165.8864239492261,163.46813058711632,165.86651611328125,22416200.0,GOOGL,
2024-08-20,166.09542022279516,167.82703768322662,166.01581924125838,166.3740692138672,18341500.0,GOOGL,
2024-08-21,164.35383848738525,166.04565527229005,163.87615672417527,165.05047607421875,22902000.0,GOOGL,
2024-08-22,166.45365676465755,166.78206770165446,162.52270221582623,163.01034545898438,22493300.0,GOOGL,
2024-08-23,163.9259085719834,165.37886160748238,163.040199747946,164.82156372070312,13955700.0,GOOGL,
2024-08-26,165.57793418764655,166.74229212809584,163.6671917839428,165.35899353027344,14190400.0,GOOGL,
2024-08-27,165.0405353166051,165.63764898462333,163.66719817653333,163.88612365722656,11821900.0,GOOGL,
2024-08-28,164.24438659777263,164.8016997668205,160.751312687273,162.06495666503906,16407400.0,GOOGL,
2024-08-29,163.51789374193322,165.1698948767712,159.4774685746095,161.00009155273438,19699800.0,GOOGL,
2024-08-30,161.83606120124992,162.87105623002552,160.910551693726,162.5924072265625,22123800.0,GOOGL,
2024-09-03,160.94040780103785,161.06978597750356,155.7256624721741,156.60142517089844,38945300.0,GOOGL,
2024-09-04,155.90479511888367,158.23351107132694,155.20817263549011,155.69580078125,19353800.0,GOOGL,
2024-09-05,155.54652368100116,158.6813323223821,155.22805902416937,156.48199462890625,18688700.0,GOOGL,
2024-09-06,156.5417079408381,157.06915175843542,149.82424762233464,150.1924591064453,37912100.0,GOOGL,
2024-09-09,151.97618615473306,152.86307041013015,146.70470865576445,148.1894989013672,39260500.0,GOOGL,
2024-09-10,149.9233916452607,150.74052877862417,147.8207764621823,148.13966369628906,31118800.0,GOOGL,
2024-09-11,149.39525512685503,150.96972670859367,147.00366157798018,150.63092041015625,29607700.0,GOOGL,
2024-09-12,153.26167533883327,154.27810941261885,152.11569142274135,154.1485595703125,29695000.0,GOOGL,
2024-09-13,154.88596580869884,157.82565255748864,154.66674982863708,156.90887451171875,29591200.0,GOOGL,
2024-09-16,156.75938477605303,157.69609704284935,156.05187841649794,157.5067596435547,18379800.0,GOOGL,
2024-09-17,158.46339140012853,159.98803477134888,157.82563218082967,158.76234436035156,20715600.0,GOOGL,
2024-09-18,159.3004536398648,159.9382128836467,158.04486940518223,159.25062561035156,23677300.0,GOOGL,
2024-09-19,163.13699125474798,163.21669785914023,160.7752763557002,161.57247924804688,26587700.0,GOOGL,
2024-09-20,162.9277289392049,163.15691965207134,161.49276669183348,163.0174102783203,40896400.0,GOOGL,
2024-09-23,163.77475794889105,164.91076718021387,161.10413041931915,161.28350830078125,24150900.0,GOOGL,
2024-09-24,162.45936971037105,162.6487071151764,160.1275637051896,161.72195434570312,23332100.0,GOOGL,
2024-09-25,160.90482465753527,162.24013074634445,160.73542151540698,160.9247589111328,18869200.0,GOOGL,
2024-09-26,163.06723415838286,163.5056965233955,161.71199375988056,162.16041564941406,20319300.0,GOOGL,
2024-09-27,162.24013520895764,165.1200191151141,162.06077253778713,163.3761444091797,21101300.0,GOOGL,
2024-09-30,162.74837243785,165.56845379960794,162.6885696707887,165.26951599121094,20413900.0,GOOGL,
2024-10-01,167.10304911832094,168.56790499887933,164.00393422069206,166.40550231933594,28338100.0,GOOGL,
2024-10-02,165.83750220141695,166.93365811188724,164.1534150323221,165.2794647216797,17760200.0,GOOGL,
2024-10-03,163.83454298906406,166.05673338351102,163.3462525916035,165.2794647216797,15073100.0,GOOGL,
2024-10-04,167.47175002072987,167.64115315810446,164.90077877248402,166.47525024414062,19047400.0,GOOGL,
2024-10-07,167.13296079524372,167.8902952287706,162.18035518394854,162.4095458984375,22463100.0,GOOGL,
2024-10-08,163.3661793794842,164.15340752983812,162.29991729663377,163.8046417236328,23072700.0,GOOGL,
2024-10-09,162.87788805212205,164.26302215555899,159.18088233675397,161.29345703125,31181800.0,GOOGL,
2024-10-10,160.3069086751828,162.49922027250668,159.83855257987992,161.51268005371094,14144100.0,GOOGL,
2024-10-11,161.56252470079164,163.32631847818766,160.6756404471478,162.66864013671875,15344300.0,GOOGL,
2024-10-14,163.0672270976598,165.64815793723565,162.82806167108657,164.3826141357422,19016100.0,GOOGL,
2024-10-15,165.20970620906303,167.0930903489021,164.05377791978614,164.88087463378906,20247200.0,GOOGL,
2024-10-16,163.95410944544957,165.21966843790153,163.16688130069323,164.5819091796875,16406000.0,GOOGL,
2024-10-17,165.14989774927798,165.7876569750358,162.19029230331677,162.3596954345703,21453400.0,GOOGL,
2024-10-18,162.61881648917324,164.13350055160433,162.5092008950753,162.84800720214844,19757700.0,GOOGL,
2024-10-21,162.37965259131107,163.9242304481603,162.05080580588782,163.49574279785156,20946500.0,GOOGL,
2024-10-22,162.40953792060841,165.18978095934807,162.40953792060841,164.56198120117188,16568100.0,GOOGL,
2024-10-23,164.18330093451087,165.2396034909156,161.3632046868505,162.21023559570312,18280500.0,GOOGL,
2024-10-24,162.26006724839118,162.75831715757175,160.44643028039124,162.15045166015625,22412500.0,GOOGL,
2024-10-25,163.09712253766725,165.01040035361328,162.84799758446522,164.6915283203125,19828900.0,GOOGL,
2024-10-28,168.15935286791463,168.15935286791463,163.37615045637324,166.13645935058594,32138600.0,GOOGL,
2024-10-29,167.14290330541456,169.78363683716654,166.50514405647678,169.08607482910156,42169000.0,GOOGL,
2024-10-30,180.04756432112097,181.38288551840023,173.45074095946555,173.84934997558594,68890800.0,GOOGL,
2024-10-31,172.52402713190767,176.20111408023234,170.40147754587736,170.51109313964844,44769000.0,GOOGL,
2024-11-01,169.47474432297759,171.7168690851631,168.28890701589395,170.69046020507812,31796500.0,GOOGL,
2024-11-04,169.33520086207452,170.13240372971748,167.42192310295937,168.6476287841797,21492700.0,GOOGL,
2024-11-05,168.8369615575411,169.9331174699581,168.2490302978724,169.14588928222656,18242100.0,GOOGL,
2024-11-06,173.19167534337777,176.32068423475533,172.8927223501112,175.89218139648438,33695500.0,GOOGL,
2024-11-07,176.78903438230748,180.44618684879632,176.56980320837033,180.11734008789062,25352900.0,GOOGL,
2024-11-08,180.0176758122753,180.26680075262186,177.45667933231005,177.72573852539062,22006200.0,GOOGL,
2024-11-11,177.95494104754144,179.91804692445518,177.84532545828398,179.71875,17450400.0,GOOGL,
2024-11-12,179.19059602472123,181.85124858723387,178.7620932166211,180.98428344726562,25134900.0,GOOGL,
2024-11-13,179.82834712308585,180.32659698574994,177.9150542697222,178.25387573242188,23184000.0,GOOGL,
2024-11-14,177.65598529451515,178.19410370809175,173.70985455339545,174.96543884277344,31007500.0,GOOGL,
2024-11-15,173.1219264113842,173.53049502685474,170.6207170923734,171.8862762451172,32504600.0,GOOGL,
2024-11-18,172.81299215078764,174.82592598867913,172.2948080013009,174.68641662597656,20206600.0,GOOGL,
2024-11-19,173.11194329745103,178.2439110911755,172.95249968308408,177.4965362548828,23434900.0,GOOGL,
2024-11-20,176.71928463110325,177.05809094017042,173.17174749997304,175.36404418945312,18997100.0,GOOGL,
2024-11-21,173.29131700765447,173.52052291993735,163.12702162713185,167.04327392578125,59734400.0,GOOGL,
2024-11-22,165.26950018604143,165.87736568062007,163.32631338500155,164.1833038330078,38604600.0,GOOGL,
2024-11-25,165.50864937866604,168.03976740473334,165.03033372857172,167.0631866455078,33135300.0,GOOGL,
2024-11-26,167.0432706454683,169.2256076965816,166.9934426131079,168.52804565429688,20486700.0,GOOGL,
2024-11-27,168.40847408769383,168.88678975659008,167.4319084954612,168.63766479492188,19266500.0,GOOGL,
2024-11-29,167.9102206974572,168.8369582371453,166.57491457977767,168.358642578125,14257200.0,GOOGL,
2024-12-02,168.17928960806435,171.4777017898288,167.9799926724261,170.8897705078125,23789100.0,GOOGL,
2024-12-03,170.8897642516595,172.07558629717838,170.25200495773618,170.7402801513672,22248700.0,GOOGL,
2024-12-04,170.55094333710875,174.2977925065685,170.46126199985193,173.75967407226562,31615100.0,GOOGL,
2024-12-05,174.7462014339964,175.44374823654522,171.72680832730796,172.0357208251953,21356200.0,GOOGL,
2024-12-06,171.4278679786075,174.4671955621755,171.2584648287537,174.09849548339844,21462400.0,GOOGL,
2024-12-09,173.5497879362236,175.84435207924628,173.2405061666339,174.95645141601562,25389600.0,GOOGL,
2024-12-10,182.41883132056972,185.92054898261972,180.6230728184386,184.7333526611328,54813000.0,GOOGL,
2024-12-11,184.87300649613107,195.14872046831275,184.41409977559144,194.939208984375,67894100.0,GOOGL,
2024-12-12,194.540179555465,194.71974779887603,191.25794424971858,191.50735473632812,34817500.0,GOOGL,
2024-12-13,190.55957180826204,192.27551707580218,189.19280729112407,189.3723907470703,25143500.0,GOOGL,
2024-12-16,192.41518724155435,198.53073692361528,192.16577676803223,196.19625854492188,44934900.0,GOOGL,
2024-12-17,196.7848538831557,200.94501854915788,194.52020263311584,194.95916748046875,43504000.0,GOOGL,
2024-12-18,194.75965954890506,196.53546097337795,187.29730214590614,187.9557342529297,34166100.0,GOOGL,
2024-12-19,191.17811313755365,192.5748056424547,187.93577711571297,188.06546020507812,32265200.0,GOOGL,
2024-12-20,185.3419048401402,192.43513912367908,184.78322783024907,190.95863342285156,63462900.0,GOOGL,
2024-12-23,192.1657659299832,194.63992864820244,189.70158937273825,194.17103576660156,25675000.0,GOOGL,
2024-12-24,194.38054302215116,195.64755249023438,193.32304504989554,195.64755249023438,10403300.0,GOOGL,
2024-12-26,194.68979716689702,196.28603018509784,193.9216239176986,195.1387481689453,12046600.0,GOOGL,
2024-12-27,194.49027324116946,194.85941107267635,190.20041029392215,192.30543518066406,18891400.0,GOOGL,
2024-12-30,189.352440433381,192.0959557274761,188.67403600843565,190.78904724121094,14264700.0,GOOGL,
2024-12-31,190.6294084710406,191.50733817930222,188.06546158341584,188.85360717773438,17466900.0,GOOGL,
2025-01-02,190.20041592197336,191.54723853202438,187.05785012893006,188.98329162597656,20370800.0,GOOGL,
2025-01-03,190.91871503010498,192.75438759446627,189.5319934742947,191.3377227783203,18596200.0,GOOGL,
2025-01-06,193.52257715244394,197.75258441221385,193.39289405316484,196.40576171875,29563600.0,GOOGL,
2025-01-07,196.64519723763246,200.52602365365914,194.1411215269442,195.02902221679688,26487200.0,GOOGL,
2025-01-08,192.1159097803505,195.82712367795403,191.9263553819348,193.49264526367188,24864800.0,GOOGL,
2025-01-10,193.84180793276101,196.05657398255568,189.86121160590176,191.58712768554688,26665200.0,GOOGL,
2025-01-13,189.62179973101152,190.72916760562472,186.9181835340065,190.5595703125,21823700.0,GOOGL,
2025-01-14,190.78904460131218,191.5272898730932,187.86594588528064,189.2127685546875,17174900.0,GOOGL,
2025-01-15,192.63466153374213,195.8969546519061,191.40756631826648,195.0888671875,21776000.0,GOOGL,
2025-01-16,193.68218859975212,195.01902502838223,192.3553231094348,192.45509338378906,17815400.0,GOOGL,
2025-01-17,196.06656026544184,196.76490654687785,193.29311701716207,195.53781127929688,27735100.0,GOOGL,
2025-01-21,198.60057627447708,201.81296912173477,197.40339384073826,197.58297729492188,29971300.0,GOOGL,
2025-01-22,198.590597036243,200.00724672789295,197.0642061251015,197.9022216796875,26200600.0,GOOGL,
2025-01-23,197.6727641738203,199.82767431730463,194.73969457121225,197.5131378173828,26951400.0,GOOGL,
2025-01-24,197.63285957708698,200.42624462128626,197.53308930144837,199.73788452148438,23877500.0,GOOGL,
2025-01-27,191.956287781501,196.41574843517762,190.2802414199516,191.35769653320312,41728900.0,GOOGL,
2025-01-28,192.2954724407757,195.01903051179218,190.23034644146827,194.83946228027344,24157900.0,GOOGL,
2025-01-29,195.09884368413952,196.32593893457488,192.97386160771165,194.94920349121094,18218300.0,GOOGL,
2025-01-30,197.53310428817028,200.9250807979349,197.20388062095304,200.39633178710938,24354700.0,GOOGL,
2025-01-31,201.52365385241038,204.99544323065024,201.3241285268208,203.5388946533203,32042000.0,GOOGL,
2025-02-03,200.2167427524067,203.26952433872827,199.62813772190552,200.75546264648438,27838300.0,GOOGL,
2025-02-04,202.91038629062132,206.5617593135444,202.33175215943618,205.89334106445312,43856400.0,GOOGL,
2025-02-05,190.61944853764197,192.29547965256887,187.58660858281107,190.8788299560547,70373900.0,GOOGL,
2025-02-06,189.05313928868878,191.64701430736628,188.274979827647,191.148193359375,29297400.0,GOOGL,
2025-02-07,190.59948056645624,190.7291636568626,182.80790006860101,184.90293884277344,49315000.0,GOOGL,
2025-02-10,186.90821845084508,187.75620494303442,185.42172652057317,186.03028869628906,23105600.0,GOOGL,
2025-02-11,184.59368617808016,186.49918592908514,183.84545472617006,184.8830108642578,21239500.0,GOOGL,
2025-02-12,182.78793750670852,184.67347995852103,181.40121597043165,183.17701721191406,22072600.0,GOOGL,
2025-02-13,183.8853646978078,185.84073432237415,182.70813932469304,185.70106506347656,21402500.0,GOOGL,
2025-02-14,184.62360034222002,185.96043678235034,183.88535510775145,184.79319763183594,20448400.0,GOOGL,
2025-02-18,185.16234115126528,185.52149284111707,181.31144284116834,183.33665466308594,29916700.0,GOOGL,
2025-02-19,183.63594741741645,185.02266901610753,183.1570683565281,184.83311462402344,19549400.0,GOOGL,
2025-02-20,184.36422591283684,184.8730178009315,182.28912893693322,184.12478637695312,20441500.0,GOOGL,
2025-02-21,184.71338754923798,184.90294194163184,178.65770926804197,179.23634338378906,35199200.0,GOOGL,
2025-02-24,181.56086065766053,182.68818568914216,178.46816457980125,178.8273162841797,29854200.0,GOOGL,
2025-02-25,177.620149186563,178.3185106633885,174.27805810561316,175.00633239746094,41913400.0,GOOGL,
2025-02-26,174.6571711800562,175.66478399830825,171.1753955398117,172.3226776123047,35431300.0,GOOGL,
2025-02-27,173.5797206760448,174.14836864650957,167.54398410119538,168.1026611328125,39991000.0,GOOGL,
2025-02-28,168.28223059503162,170.20768740317763,166.37674611034126,169.8784637451172,48130600.0,GOOGL,
2025-03-03,171.52456139173032,172.96116813684316,165.53871010229818,166.6161651611328,40770500.0,GOOGL,
2025-03-04,165.84799570787212,172.88135895735127,165.40903083418053,170.51695251464844,45388000.0,GOOGL,
2025-03-05,170.11790989089675,173.37021717369865,168.66134594316833,172.6120147705078,30954900.0,GOOGL,
2025-03-06,170.12787268446783,174.39777881609385,170.0979446451701,171.94358825683594,28302000.0,GOOGL,
2025-03-07,170.85613731453174,174.55739526661597,169.86848162814977,173.45001220703125,27385800.0,GOOGL,
2025-03-10,168.05654311824674,168.25631348073628,163.49207685373173,165.66943359375,43604000.0,GOOGL,
2025-03-11,164.71060268982163,166.5483741956788,161.17487454711969,163.84164428710938,39587400.0,GOOGL,
2025-03-12,166.37858578107983,167.43730167009207,163.33227056435828,166.90794372558594,28372400.0,GOOGL,
2025-03-13,165.8392348472833,165.92913761122173,161.91399391340872,162.56320190429688,31756200.0,GOOGL,
2025-03-14,163.07258484755664,166.28869257421587,162.25356904272374,165.28990173339844,31995900.0,GOOGL,
2025-03-17,164.83044981365524,166.0989184378049,163.47209367229158,164.09133911132812,31184300.0,GOOGL,
2025-03-18,163.48207822407835,164.05139632119491,156.5305024761992,160.47572326660156,42074800.0,GOOGL,
2025-03-19,161.56440408660148,165.6694351323274,160.8053285192439,163.69183349609375,34275600.0,GOOGL,
2025-03-20,161.37464096618422,164.6906185813501,160.76537795311089,162.6031494140625,28138500.0,GOOGL,
2025-03-21,161.01508017617863,164.04141524263727,160.69545978774022,163.79171752929688,36625800.0,GOOGL,
2025-03-24,166.86800133324036,168.11648994593173,164.94032699026835,167.4772491455078,30879100.0,GOOGL,
2025-03-25,168.775668441695,170.42368243836484,168.1164780833655,170.353759765625,24174400.0,GOOGL,
2025-03-26,168.79565092149923,169.40491393976436,164.64067739498105,164.86041259765625,28901600.0,GOOGL,
2025-03-27,164.43094810403895,165.21998619662182,161.8041232023028,162.04383850097656,24508300.0,GOOGL,
2025-03-28,160.29595772818402,161.62435145983125,153.44425151462127,154.14340209960938,48669300.0,GOOGL,
2025-03-31,152.9248693898488,155.3519238675497,150.47783482762614,154.45301818847656,54603500.0,GOOGL,
2025-04-01,153.43424066067087,157.9088345005831,153.43424066067087,156.8800811767578,30672900.0,GOOGL,
2025-04-02,154.9623987635517,158.21846678254826,154.51294591611935,156.85011291503906,25041700.0,GOOGL,
2025-04-03,150.92729334389097,152.59527231622977,150.20816267744866,150.5377655029297,46883400.0,GOOGL,
2025-04-04,147.83102450056057,150.8873372265073,145.20421499461688,145.4239501953125,62259500.0,GOOGL,
2025-04-07,141.37884623013926,152.66518575265,140.3600753076292,146.5725555419922,76794100.0,GOOGL,
2025-04-08,151.0371605852081,152.05593156691467,142.85706070456766,144.52503967285156,52200200.0,GOOGL,
2025-04-09,144.24536764564118,159.3570775505851,143.73598981661124,158.51809692382812,70406200.0,GOOGL,
2025-04-10,156.35071129003578,157.5292924054746,149.74870323215254,152.63522338867188,48022000.0,GOOGL,
2025-04-11,152.71511816628092,157.47935489094493,152.63522830805417,156.9499969482422,33636200.0,GOOGL,
2025-04-14,159.80653847762434,161.52445998548595,157.3694863273863,158.87767028808594,30333000.0,GOOGL,
2025-04-15,158.93759983361085,159.4569601254283,155.02234135810752,156.12100219726562,27551500.0,GOOGL,
2025-04-16,152.91488990871326,155.70150975970526,151.326800825977,153.1446075439453,28187400.0,GOOGL,
2025-04-17,154.10343899442373,154.49296683009544,148.32044647401452,150.97723388671875,32938500.0,GOOGL,
2025-04-21,148.69998342759925,148.76989086061988,145.9233461435289,147.49143981933594,26049100.0,GOOGL,
2025-04-22,148.70996777577147,152.0059806006662,148.360384885124,151.28684997558594,26971800.0,GOOGL,
2025-04-23,155.42185055428513,157.3395272287139,153.62402390940207,155.16217041015625,31128800.0,GOOGL,
2025-04-24,155.96118216578617,159.39702506290834,155.60161685700967,159.08740234375,45894000.0,GOOGL,
2025-04-25,164.8704156189098,165.89916899199292,160.84527440652565,161.76417541503906,56034000.0,GOOGL,
2025-04-28,162.2335934576757,162.9527241022343,158.40823784275827,160.41580200195312,29745800.0,GOOGL,
2025-04-29,160.12616457196697,160.54565492156792,157.32954700095436,159.9663543701172,26809000.0,GOOGL,
2025-04-30,157.78897065630795,159.07741935833297,155.2120884925965,158.6079864501953,34981100.0,GOOGL,
2025-05-01,160.255986901565,161.7541731584952,158.7178557168657,161.10496520996094,30203200.0,GOOGL,
2025-05-02,163.21241957712974,164.77053089446972,161.6742731041275,163.8316650390625,25715000.0,GOOGL,
2025-05-05,162.80291566353057,165.19002528971967,162.52325543253818,164.01145935058594,21341800.0,GOOGL,
2025-05-06,161.97390744721895,164.60073221310822,160.99509669884785,163.03262329101562,21277200.0,GOOGL,
2025-05-07,163.88160091924024,164.8004866523399,147.6612323828153,151.19696044921875,127490100.0,GOOGL,
2025-05-08,154.81259075606965,155.74145898524296,152.715123752916,154.0934600830078,57498700.0,GOOGL,
2025-05-09,153.98358884442797,154.86252969975314,152.01596958260927,152.5653076171875,32435300.0,GOOGL,
2025-05-12,157.2995737723926,158.90762762310243,156.06106765297667,158.26840209960938,44138800.0,GOOGL,
2025-05-13,158.59798647987657,160.37584814800852,155.97117700529293,159.33709716796875,42382100.0,GOOGL,
2025-05-14,159.7665968345665,166.7980779664445,159.4170139283214,165.1700439453125,48755900.0,GOOGL,
2025-05-15,165.63946564247587,166.00902860866202,162.1736602838883,163.76174926757812,33146700.0,GOOGL,
2025-05-16,167.52719070383273,169.14524229932235,165.4197413290067,165.9890594482422,42846900.0,GOOGL,
2025-05-19,164.311078821177,166.43850822896752,164.02143617765117,166.338623046875,30426100.0,GOOGL,
2025-05-20,166.22875761227516,168.2962620339302,162.7030270512069,163.78172302246094,46607700.0,GOOGL,
2025-05-21,163.49207927319333,172.93064990762463,163.36223158372133,168.35618591308594,73416000.0,GOOGL,
2025-05-22,171.6422171391164,176.55626639163424,170.50359615670786,170.66339111328125,74864400.0,GOOGL,
2025-05-23,168.85557933287677,169.7545002456487,167.68699586257836,168.26629638671875,35211400.0,GOOGL,
2025-05-27,169.9542560308247,172.9606110264557,169.79444583588602,172.69093322753906,37995700.0,GOOGL,
2025-05-28,172.95063181853965,175.0580811773991,171.70214322301487,172.15159606933594,34784000.0,GOOGL,
2025-05-29,173.78960291012612,174.20909322624098,170.42368271917738,171.65219116210938,29373800.0,GOOGL,
2025-05-30,171.14282080509608,172.0017815585655,167.23754486546525,171.5323486328125,52639900.0,GOOGL,
2025-06-02,167.637058963566,169.66460324672883,167.18760611208933,168.82562255859375,38612300.0,GOOGL,
2025-06-03,167.28749382619188,168.276287066322,165.08015922486254,165.97906494140625,45084900.0,GOOGL,
2025-06-04,166.53838821108508,168.01659436979696,166.15884281939123,167.8468017578125,26900800.0,GOOGL,
2025-06-05,170.1340365467451,170.72331951416996,167.3873615992156,168.00662231445312,36379100.0,GOOGL,
2025-06-06,170.6234412090639,174.2890017669552,170.6234412090639,173.46998596191406,35731800.0,GOOGL,
2025-06-09,174.5399932861328,176.47000122070312,174.3699951171875,176.08999633789062,28935900.0,GOOGL,
2025-06-10,176.1999969482422,181.11000061035156,174.91000366210938,178.60000610351562,61766100.0,GOOGL,
2025-06-11,179.77000427246094,180.3699951171875,176.75,177.35000610351562,31646800.0,GOOGL,
2025-06-12,176.17999267578125,176.72000122070312,174.75,175.6999969482422,20941900.0,GOOGL,
2025-06-13,172.44000244140625,177.1300048828125,172.38999938964844,174.6699981689453,27663100.0,GOOGL,
2025-06-16,174.72999572753906,176.94000244140625,174.64999389648438,176.77000427246094,27389200.0,GOOGL,
2025-06-17,175.6999969482422,177.36480712890625,174.5800018310547,175.9499969482422,24953368.0,GOOGL,
2024-06-18,,,,,,INVALID1,
2024-06-20,,,,,,INVALID1,
2024-06-21,,,,,,INVALID1,
2024-06-24,,,,,,INVALID1,
2024-06-25,,,,,,INVALID1,
2024-06-26,,,,,,INVALID1,
2024-06-27,,,,,,INVALID1,
2024-06-28,,,,,,INVALID1,
2024-07-01,,,,,,INVALID1,
2024-07-02,,,,,,INVALID1,
2024-07-03,,,,,,INVALID1,
2024-07-05,,,,,,INVALID1,
2024-07-08,,,,,,INVALID1,
2024-07-09,,,,,,INVALID1,
2024-07-10,,,,,,INVALID1,
2024-07-11,,,,,,INVALID1,
2024-07-12,,,,,,INVALID1,
2024-07-15,,,,,,INVALID1,
2024-07-16,,,,,,INVALID1,
2024-07-17,,,,,,INVALID1,
2024-07-18,,,,,,INVALID1,
2024-07-19,,,,,,INVALID1,
2024-07-22,,,,,,INVALID1,
2024-07-23,,,,,,INVALID1,
2024-07-24,,,,,,INVALID1,
2024-07-25,,,,,,INVALID1,
2024-07-26,,,,,,INVALID1,
2024-07-29,,,,,,INVALID1,
2024-07-30,,,,,,INVALID1,
2024-07-31,,,,,,INVALID1,
2024-08-01,,,,,,INVALID1,
2024-08-02,,,,,,INVALID1,
2024-08-05,,,,,,INVALID1,
2024-08-06,,,,,,INVALID1,
2024-08-07,,,,,,INVALID1,
2024-08-08,,,,,,INVALID1,
2024-08-09,,,,,,INVALID1,
2024-08-12,,,,,,INVALID1,
2024-08-13,,,,,,INVALID1,
2024-08-14,,,,,,INVALID1,
2024-08-15,,,,,,INVALID1,
2024-08-16,,,,,,INVALID1,
2024-08-19,,,,,,INVALID1,
2024-08-20,,,,,,INVALID1,
2024-08-21,,,,,,INVALID1,
2024-08-22,,,,,,INVALID1,
2024-08-23,,,,,,INVALID1,
2024-08-26,,,,,,INVALID1,
2024-08-27,,,,,,INVALID1,
2024-08-28,,,,,,INVALID1,
2024-08-29,,,,,,INVALID1,
2024-08-30,,,,,,INVALID1,
2024-09-03,,,,,,INVALID1,
2024-09-04,,,,,,INVALID1,
2024-09-05,,,,,,INVALID1,
2024-09-06,,,,,,INVALID1,
2024-09-09,,,,,,INVALID1,
2024-09-10,,,,,,INVALID1,
2024-09-11,,,,,,INVALID1,
2024-09-12,,,,,,INVALID1,
2024-09-13,,,,,,INVALID1,
2024-09-16,,,,,,INVALID1,
2024-09-17,,,,,,INVALID1,
2024-09-18,,,,,,INVALID1,
2024-09-19,,,,,,INVALID1,
2024-09-20,,,,,,INVALID1,
2024-09-23,,,,,,INVALID1,
2024-09-24,,,,,,INVALID1,
2024-09-25,,,,,,INVALID1,
2024-09-26,,,,,,INVALID1,
2024-09-27,,,,,,INVALID1,
2024-09-30,,,,,,INVALID1,
2024-10-01,,,,,,INVALID1,
2024-10-02,,,,,,INVALID1,
2024-10-03,,,,,,INVALID1,
2024-10-04,,,,,,INVALID1,
2024-10-07,,,,,,INVALID1,
2024-10-08,,,,,,INVALID1,
2024-10-09,,,,,,INVALID1,
2024-10-10,,,,,,INVALID1,
2024-10-11,,,,,,INVALID1,
2024-10-14,,,,,,INVALID1,
2024-10-15,,,,,,INVALID1,
2024-10-16,,,,,,INVALID1,
2024-10-17,,,,,,INVALID1,
2024-10-18,,,,,,INVALID1,
2024-10-21,,,,,,INVALID1,
2024-10-22,,,,,,INVALID1,
2024-10-23,,,,,,INVALID1,
2024-10-24,,,,,,INVALID1,
2024-10-25,,,,,,INVALID1,
2024-10-28,,,,,,INVALID1,
2024-10-29,,,,,,INVALID1,
2024-10-30,,,,,,INVALID1,
2024-10-31,,,,,,INVALID1,
2024-11-01,,,,,,INVALID1,
2024-11-04,,,,,,INVALID1,
2024-11-05,,,,,,INVALID1,
2024-11-06,,,,,,INVALID1,
2024-11-07,,,,,,INVALID1,
2024-11-08,,,,,,INVALID1,
2024-11-11,,,,,,INVALID1,
2024-11-12,,,,,,INVALID1,
2024-11-13,,,,,,INVALID1,
2024-11-14,,,,,,INVALID1,
2024-11-15,,,,,,INVALID1,
2024-11-18,,,,,,INVALID1,
2024-11-19,,,,,,INVALID1,
2024-11-20,,,,,,INVALID1,
2024-11-21,,,,,,INVALID1,
2024-11-22,,,,,,INVALID1,
2024-11-25,,,,,,INVALID1,
2024-11-26,,,,,,INVALID1,
2024-11-27,,,,,,INVALID1,
2024-11-29,,,,,,INVALID1,
2024-12-02,,,,,,INVALID1,
2024-12-03,,,,,,INVALID1,
2024-12-04,,,,,,INVALID1,
2024-12-05,,,,,,INVALID1,
2024-12-06,,,,,,INVALID1,
2024-12-09,,,,,,INVALID1,
2024-12-10,,,,,,INVALID1,
2024-12-11,,,,,,INVALID1,
2024-12-12,,,,,,INVALID1,
2024-12-13,,,,,,INVALID1,
2024-12-16,,,,,,INVALID1,
2024-12-17,,,,,,INVALID1,
2024-12-18,,,,,,INVALID1,
2024-12-19,,,,,,INVALID1,
2024-12-20,,,,,,INVALID1,
2024-12-23,,,,,,INVALID1,
2024-12-24,,,,,,INVALID1,
2024-12-26,,,,,,INVALID1,
2024-12-27,,,,,,INVALID1,
2024-12-30,,,,,,INVALID1,
2024-12-31,,,,,,INVALID1,
2025-01-02,,,,,,INVALID1,
2025-01-03,,,,,,INVALID1,
2025-01-06,,,,,,INVALID1,
2025-01-07,,,,,,INVALID1,
2025-01-08,,,,,,INVALID1,
2025-01-10,,,,,,INVALID1,
2025-01-13,,,,,,INVALID1,
2025-01-14,,,,,,INVALID1,
2025-01-15,,,,,,INVALID1,
2025-01-16,,,,,,INVALID1,
2025-01-17,,,,,,INVALID1,
2025-01-21,,,,,,INVALID1,
2025-01-22,,,,,,INVALID1,
2025-01-23,,,,,,INVALID1,
2025-01-24,,,,,,INVALID1,
2025-01-27,,,,,,INVALID1,
2025-01-28,,,,,,INVALID1,
2025-01-29,,,,,,INVALID1,
2025-01-30,,,,,,INVALID1,
2025-01-31,,,,,,INVALID1,
2025-02-03,,,,,,INVALID1,
2025-02-04,,,,,,INVALID1,
2025-02-05,,,,,,INVALID1,
2025-02-06,,,,,,INVALID1,
2025-02-07,,,,,,INVALID1,
2025-02-10,,,,,,INVALID1,
2025-02-11,,,,,,INVALID1,
2025-02-12,,,,,,INVALID1,
2025-02-13,,,,,,INVALID1,
2025-02-14,,,,,,INVALID1,
2025-02-18,,,,,,INVALID1,
2025-02-19,,,,,,INVALID1,
2025-02-20,,,,,,INVALID1,
2025-02-21,,,,,,INVALID1,
2025-02-24,,,,,,INVALID1,
2025-02-25,,,,,,INVALID1,
2025-02-26,,,,,,INVALID1,
2025-02-27,,,,,,INVALID1,
2025-02-28,,,,,,INVALID1,
2025-03-03,,,,,,INVALID1,
2025-03-04,,,,,,INVALID1,
2025-03-05,,,,,,INVALID1,
2025-03-06,,,,,,INVALID1,
2025-03-07,,,,,,INVALID1,
2025-03-10,,,,,,INVALID1,
2025-03-11,,,,,,INVALID1,
2025-03-12,,,,,,INVALID1,
2025-03-13,,,,,,INVALID1,
2025-03-14,,,,,,INVALID1,
2025-03-17,,,,,,INVALID1,
2025-03-18,,,,,,INVALID1,
2025-03-19,,,,,,INVALID1,
2025-03-20,,,,,,INVALID1,
2025-03-21,,,,,,INVALID1,
2025-03-24,,,,,,INVALID1,
2025-03-25,,,,,,INVALID1,
2025-03-26,,,,,,INVALID1,
2025-03-27,,,,,,INVALID1,
2025-03-28,,,,,,INVALID1,
2025-03-31,,,,,,INVALID1,
2025-04-01,,,,,,INVALID1,
2025-04-02,,,,,,INVALID1,
2025-04-03,,,,,,INVALID1,
2025-04-04,,,,,,INVALID1,
2025-04-07,,,,,,INVALID1,
2025-04-08,,,,,,INVALID1,
2025-04-09,,,,,,INVALID1,
2025-04-10,,,,,,INVALID1,
2025-04-11,,,,,,INVALID1,
2025-04-14,,,,,,INVALID1,
2025-04-15,,,,,,INVALID1,
2025-04-16,,,,,,INVALID1,
2025-04-17,,,,,,INVALID1,
2025-04-21,,,,,,INVALID1,
2025-04-22,,,,,,INVALID1,
2025-04-23,,,,,,INVALID1,
2025-04-24,,,,,,INVALID1,
2025-04-25,,,,,,INVALID1,
2025-04-28,,,,,,INVALID1,
2025-04-29,,,,,,INVALID1,
2025-04-30,,,,,,INVALID1,
2025-05-01,,,,,,INVALID1,
2025-05-02,,,,,,INVALID1,
2025-05-05,,,,,,INVALID1,
2025-05-06,,,,,,INVALID1,
2025-05-07,,,,,,INVALID1,
2025-05-08,,,,,,INVALID1,
2025-05-09,,,,,,INVALID1,
2025-05-12,,,,,,INVALID1,
2025-05-13,,,,,,INVALID1,
2025-05-14,,,,,,INVALID1,
2025-05-15,,,,,,INVALID1,
2025-05-16,,,,,,INVALID1,
2025-05-19,,,,,,INVALID1,
2025-05-20,,,,,,INVALID1,
2025-05-21,,,,,,INVALID1,
2025-05-22,,,,,,INVALID1,
2025-05-23,,,,,,INVALID1,
2025-05-27,,,,,,INVALID1,
2025-05-28,,,,,,INVALID1,
2025-05-29,,,,,,INVALID1,
2025-05-30,,,,,,INVALID1,
2025-06-02,,,,,,INVALID1,
2025-06-03,,,,,,INVALID1,
2025-06-04,,,,,,INVALID1,
2025-06-05,,,,,,INVALID1,
2025-06-06,,,,,,INVALID1,
2025-06-09,,,,,,INVALID1,
2025-06-10,,,,,,INVALID1,
2025-06-11,,,,,,INVALID1,
2025-06-12,,,,,,INVALID1,
2025-06-13,,,,,,INVALID1,
2025-06-16,,,,,,INVALID1,
2025-06-17,,,,,,INVALID1,
2024-06-18,186.55999755859375,187.1999969482422,182.3699951171875,184.86000061035156,68982300.0,TSLA,
2024-06-20,184.67999267578125,185.2100067138672,179.66000366210938,181.57000732421875,55893100.0,TSLA,
2024-06-21,182.3000030517578,183.9499969482422,180.69000244140625,183.00999450683594,63029500.0,TSLA,
2024-06-24,184.97000122070312,188.8000030517578,182.5500030517578,182.5800018310547,61992100.0,TSLA,
2024-06-25,184.39999389648438,187.97000122070312,182.00999450683594,187.35000610351562,63678300.0,TSLA,
2024-06-26,186.5399932861328,197.75999450683594,186.36000061035156,196.3699951171875,95737100.0,TSLA,
2024-06-27,195.1699981689453,198.72000122070312,194.0500030517578,197.4199981689453,72746500.0,TSLA,
2024-06-28,199.5500030517578,203.1999969482422,195.25999450683594,197.8800048828125,95438100.0,TSLA,
2024-07-01,201.02000427246094,213.22999572753906,200.85000610351562,209.86000061035156,135691400.0,TSLA,
2024-07-02,218.88999938964844,231.3000030517578,218.05999755859375,231.25999450683594,205047900.0,TSLA,
2024-07-03,234.55999755859375,248.35000610351562,234.25,246.38999938964844,166561500.0,TSLA,
2024-07-05,249.80999755859375,252.3699951171875,242.4600067138672,251.52000427246094,154501200.0,TSLA,
2024-07-08,247.7100067138672,259.44000244140625,244.57000732421875,252.94000244140625,157219600.0,TSLA,
2024-07-09,251.0,265.6099853515625,250.3000030517578,262.3299865722656,160210900.0,TSLA,
2024-07-10,262.79998779296875,267.5899963378906,257.8599853515625,263.260009765625,128519400.0,TSLA,
2024-07-11,263.29998779296875,271.0,239.64999389648438,241.02999877929688,221707300.0,TSLA,
2024-07-12,235.8000030517578,251.83999633789062,233.08999633789062,248.22999572753906,155955800.0,TSLA,
2024-07-15,255.97000122070312,265.6000061035156,251.72999572753906,252.63999938964844,146912900.0,TSLA,
2024-07-16,255.30999755859375,258.6199951171875,245.8000030517578,256.55999755859375,126332500.0,TSLA,
2024-07-17,252.72999572753906,258.4700012207031,246.17999267578125,248.5,115584800.0,TSLA,
2024-07-18,251.08999633789062,257.1400146484375,247.1999969482422,249.22999572753906,110869000.0,TSLA,
2024-07-19,247.7899932861328,249.44000244140625,236.8300018310547,239.1999969482422,87403900.0,TSLA,
2024-07-22,244.2100067138672,253.2100067138672,243.75,251.50999450683594,101225400.0,TSLA,
2024-07-23,253.60000610351562,255.75999450683594,245.6300048828125,246.3800048828125,111928200.0,TSLA,
2024-07-24,225.4199981689453,225.99000549316406,214.7100067138672,215.99000549316406,167942900.0,TSLA,
2024-07-25,216.8000030517578,226.0,216.22999572753906,220.25,100636500.0,TSLA,
2024-07-26,221.19000244140625,222.27999877929688,215.3300018310547,219.8000030517578,94604100.0,TSLA,
2024-07-29,224.89999389648438,234.27000427246094,224.6999969482422,232.10000610351562,129201800.0,TSLA,
2024-07-30,232.25,232.41000366210938,220.0,222.6199951171875,100560300.0,TSLA,
2024-07-31,227.89999389648438,234.67999267578125,226.7899932861328,232.07000732421875,67497000.0,TSLA,
2024-08-01,227.69000244140625,231.8699951171875,214.3300018310547,216.86000061035156,83861900.0,TSLA,
2024-08-02,214.8800048828125,216.1300048828125,205.77999877929688,207.6699981689453,82880100.0,TSLA,
2024-08-05,185.22000122070312,203.8800048828125,182.0,198.8800048828125,100308800.0,TSLA,
2024-08-06,200.75,202.89999389648438,192.6699981689453,200.63999938964844,73783900.0,TSLA,
2024-08-07,200.77000427246094,203.49000549316406,191.47999572753906,191.75999450683594,71159800.0,TSLA,
2024-08-08,195.6999969482422,200.6999969482422,192.0399932861328,198.83999633789062,65033900.0,TSLA,
2024-08-09,197.0500030517578,200.8800048828125,195.11000061035156,200.0,58648300.0,TSLA,
2024-08-12,199.02000427246094,199.25999450683594,194.6699981689453,197.49000549316406,64044900.0,TSLA,
2024-08-13,198.47000122070312,208.49000549316406,197.05999755859375,207.8300018310547,76247400.0,TSLA,
2024-08-14,207.38999938964844,208.44000244140625,198.75,201.3800048828125,70250000.0,TSLA,
2024-08-15,205.02000427246094,215.8800048828125,204.82000732421875,214.13999938964844,89848500.0,TSLA,
2024-08-16,211.14999389648438,219.8000030517578,210.8000030517578,216.1199951171875,88765100.0,TSLA,
2024-08-19,217.07000732421875,222.97999572753906,214.08999633789062,222.72000122070312,76435200.0,TSLA,
2024-08-20,224.8800048828125,228.22000122070312,219.55999755859375,221.10000610351562,74001200.0,TSLA,
2024-08-21,222.6699981689453,224.66000366210938,218.86000061035156,223.27000427246094,70146000.0,TSLA,
2024-08-22,223.82000732421875,224.8000030517578,210.32000732421875,210.66000366210938,79514500.0,TSLA,
2024-08-23,214.4600067138672,221.47999572753906,214.2100067138672,220.32000732421875,81525200.0,TSLA,
2024-08-26,218.75,219.08999633789062,211.00999450683594,213.2100067138672,59301200.0,TSLA,
2024-08-27,213.25,215.66000366210938,206.94000244140625,209.2100067138672,62821400.0,TSLA,
2024-08-28,209.72000122070312,211.83999633789062,202.58999633789062,205.75,64116400.0,TSLA,
2024-08-29,209.8000030517578,214.88999938964844,205.97000122070312,206.27999877929688,62308800.0,TSLA,
2024-08-30,208.6300048828125,214.57000732421875,207.02999877929688,214.11000061035156,63370600.0,TSLA,
2024-09-03,215.25999450683594,219.89999389648438,209.63999938964844,210.60000610351562,76714200.0,TSLA,
2024-09-04,210.58999633789062,222.22000122070312,210.57000732421875,219.41000366210938,80651800.0,TSLA,
2024-09-05,223.49000549316406,235.0,222.25,230.1699981689453,119355000.0,TSLA,
2024-09-06,232.60000610351562,233.60000610351562,210.50999450683594,210.72999572753906,112177000.0,TSLA,
2024-09-09,216.1999969482422,219.8699951171875,213.6699981689453,216.27000427246094,67443500.0,TSLA,
2024-09-10,220.07000732421875,226.39999389648438,218.63999938964844,226.1699981689453,78891100.0,TSLA,
2024-09-11,224.5500030517578,228.47000122070312,216.8000030517578,228.1300048828125,83548600.0,TSLA,
2024-09-12,224.66000366210938,231.4499969482422,223.8300018310547,229.80999755859375,72020000.0,TSLA,
2024-09-13,228.0,232.6699981689453,226.32000732421875,230.2899932861328,59515100.0,TSLA,
2024-09-16,229.3000030517578,229.9600067138672,223.52999877929688,226.77999877929688,54323000.0,TSLA,
2024-09-17,229.4499969482422,234.57000732421875,226.5500030517578,227.8699951171875,66761600.0,TSLA,
2024-09-18,230.08999633789062,235.67999267578125,226.8800048828125,227.1999969482422,78010200.0,TSLA,
2024-09-19,234.0,244.24000549316406,232.1300048828125,243.9199981689453,102694600.0,TSLA,
2024-09-20,241.52000427246094,243.99000549316406,235.9199981689453,238.25,99879100.0,TSLA,
2024-09-23,242.61000061035156,250.0,241.9199981689453,250.0,86927200.0,TSLA,
2024-09-24,254.0800018310547,257.19000244140625,249.0500030517578,254.27000427246094,88491000.0,TSLA,
2024-09-25,252.5399932861328,257.04998779296875,252.27999877929688,257.0199890136719,65034300.0,TSLA,
2024-09-26,260.6000061035156,261.75,251.52999877929688,254.22000122070312,67142200.0,TSLA,
2024-09-27,257.3800048828125,260.70001220703125,254.1199951171875,260.4599914550781,70988100.0,TSLA,
2024-09-30,259.0400085449219,264.8599853515625,255.77000427246094,261.6300048828125,80705700.0,TSLA,
2024-10-01,262.6700134277344,263.9800109863281,248.52999877929688,258.0199890136719,87397600.0,TSLA,
2024-10-02,247.5500030517578,251.16000366210938,241.5,249.02000427246094,93983900.0,TSLA,
2024-10-03,244.47999572753906,249.7899932861328,237.80999755859375,240.66000366210938,80729200.0,TSLA,
2024-10-04,246.69000244140625,250.9600067138672,244.5800018310547,250.0800018310547,86573200.0,TSLA,
2024-10-07,249.0,249.8300018310547,240.6999969482422,240.8300018310547,68113300.0,TSLA,
2024-10-08,243.55999755859375,246.2100067138672,240.55999755859375,244.5,56303200.0,TSLA,
2024-10-09,243.82000732421875,247.42999267578125,239.50999450683594,241.0500030517578,66289500.0,TSLA,
2024-10-10,241.80999755859375,242.7899932861328,232.33999633789062,238.77000427246094,83087100.0,TSLA,
2024-10-11,220.1300048828125,223.33999633789062,214.3800048828125,217.8000030517578,142628900.0,TSLA,
2024-10-14,220.1300048828125,221.91000366210938,213.74000549316406,219.16000366210938,86291900.0,TSLA,
2024-10-15,220.00999450683594,224.25999450683594,217.1199951171875,219.57000732421875,62988800.0,TSLA,
2024-10-16,221.39999389648438,222.82000732421875,218.92999267578125,221.3300018310547,49632800.0,TSLA,
2024-10-17,221.58999633789062,222.0800018310547,217.89999389648438,220.88999938964844,50791800.0,TSLA,
2024-10-18,220.7100067138672,222.27999877929688,219.22999572753906,220.6999969482422,49611900.0,TSLA,
2024-10-21,218.89999389648438,220.47999572753906,215.72999572753906,218.85000610351562,47329000.0,TSLA,
2024-10-22,217.30999755859375,218.22000122070312,215.25999450683594,217.97000122070312,43268700.0,TSLA,
2024-10-23,217.1300048828125,218.72000122070312,212.11000061035156,213.64999389648438,80938900.0,TSLA,
2024-10-24,244.67999267578125,262.1199951171875,242.64999389648438,260.4800109863281,204491900.0,TSLA,
2024-10-25,256.010009765625,269.489990234375,255.32000732421875,269.19000244140625,161611900.0,TSLA,
2024-10-28,270.0,273.5400085449219,262.239990234375,262.510009765625,107653600.0,TSLA,
2024-10-29,264.510009765625,264.9800109863281,255.50999450683594,259.5199890136719,80521800.0,TSLA,
2024-10-30,258.0400085449219,263.3500061035156,255.82000732421875,257.54998779296875,53993600.0,TSLA,
2024-10-31,257.989990234375,259.75,249.25,249.85000610351562,66575300.0,TSLA,
2024-11-01,252.0399932861328,254.0,246.6300048828125,248.97999572753906,57544800.0,TSLA,
2024-11-04,244.55999755859375,248.89999389648438,238.8800048828125,242.83999633789062,68802400.0,TSLA,
2024-11-05,247.33999633789062,255.27999877929688,246.2100067138672,251.44000244140625,69282500.0,TSLA,
2024-11-06,284.6700134277344,289.5899963378906,275.6199951171875,288.5299987792969,165228700.0,TSLA,
2024-11-07,288.8900146484375,299.75,285.5199890136719,296.9100036621094,117309200.0,TSLA,
2024-11-08,299.1400146484375,328.7099914550781,297.6600036621094,321.2200012207031,204782800.0,TSLA,
2024-11-11,346.29998779296875,358.6400146484375,336.0,350.0,210521600.0,TSLA,
2024-11-12,342.739990234375,345.8399963378906,323.30999755859375,328.489990234375,155726000.0,TSLA,
2024-11-13,335.8500061035156,344.6000061035156,322.5,330.239990234375,125405600.0,TSLA,
2024-11-14,327.69000244140625,329.9800109863281,310.3699951171875,311.17999267578125,120726100.0,TSLA,
2024-11-15,310.57000732421875,324.67999267578125,309.2200012207031,320.7200012207031,114440300.0,TSLA,
2024-11-18,340.7300109863281,348.54998779296875,330.010009765625,338.739990234375,126547500.0,TSLA,
2024-11-19,335.760009765625,347.3800048828125,332.75,346.0,88852500.0,TSLA,
2024-11-20,345.0,346.6000061035156,334.29998779296875,342.0299987792969,66340700.0,TSLA,
2024-11-21,343.80999755859375,347.989990234375,335.2799987792969,339.6400146484375,58011700.0,TSLA,
2024-11-22,341.0899963378906,361.5299987792969,337.70001220703125,352.55999755859375,89140700.0,TSLA,
2024-11-25,360.1400146484375,361.92999267578125,338.20001220703125,338.5899963378906,95890900.0,TSLA,
2024-11-26,341.0,346.9599914550781,335.6600036621094,338.2300109863281,62295900.0,TSLA,
2024-11-27,341.79998779296875,342.54998779296875,326.5899963378906,332.8900146484375,57896400.0,TSLA,
2024-11-29,336.0799865722656,345.45001220703125,334.6499938964844,345.1600036621094,37167600.0,TSLA,
2024-12-02,352.3800048828125,360.0,351.1499938964844,357.0899963378906,77986500.0,TSLA,
2024-12-03,351.79998779296875,355.69000244140625,348.20001220703125,351.4200134277344,58267200.0,TSLA,
2024-12-04,353.0,358.1000061035156,348.6000061035156,357.92999267578125,50810900.0,TSLA,
2024-12-05,359.8699951171875,375.42999267578125,359.5,369.489990234375,81403600.0,TSLA,
2024-12-06,377.4200134277344,389.489990234375,370.79998779296875,389.2200012207031,81455800.0,TSLA,
2024-12-09,397.6099853515625,404.79998779296875,378.010009765625,389.7900085449219,96359200.0,TSLA,
2024-12-10,392.67999267578125,409.7300109863281,390.8500061035156,400.989990234375,97563600.0,TSLA,
2024-12-11,409.70001220703125,424.8800048828125,402.3800048828125,424.7699890136719,104287600.0,TSLA,
2024-12-12,424.8399963378906,429.29998779296875,415.0,418.1000061035156,87752200.0,TSLA,
2024-12-13,420.0,436.29998779296875,415.7099914550781,436.2300109863281,89000200.0,TSLA,
2024-12-16,441.0899963378906,463.19000244140625,436.1499938964844,463.0199890136719,114083800.0,TSLA,
2024-12-17,475.8999938964844,483.989990234375,457.510009765625,479.8599853515625,131223000.0,TSLA,
2024-12-18,466.5,488.5400085449219,427.010009765625,440.1300048828125,149340800.0,TSLA,
2024-12-19,451.8800048828125,456.3599853515625,420.0199890136719,436.1700134277344,118566100.0,TSLA,
2024-12-20,425.510009765625,447.0799865722656,417.6400146484375,421.05999755859375,132216200.0,TSLA,
2024-12-23,431.0,434.510009765625,415.4100036621094,430.6000061035156,72698100.0,TSLA,
2024-12-24,435.8999938964844,462.7799987792969,435.1400146484375,462.2799987792969,59551800.0,TSLA,
2024-12-26,465.1600036621094,465.3299865722656,451.0199890136719,454.1300048828125,76366400.0,TSLA,
2024-12-27,449.5199890136719,450.0,426.5,431.6600036621094,82666800.0,TSLA,
2024-12-30,419.3999938964844,427.0,415.75,417.4100036621094,64941000.0,TSLA,
2024-12-31,423.7900085449219,427.92999267578125,402.5400085449219,403.8399963378906,76825100.0,TSLA,
2025-01-02,390.1000061035156,392.7300109863281,373.0400085449219,379.2799987792969,109710700.0,TSLA,
2025-01-03,381.4800109863281,411.8800048828125,379.45001220703125,410.44000244140625,95423300.0,TSLA,
2025-01-06,423.20001220703125,426.42999267578125,401.70001220703125,411.04998779296875,85516500.0,TSLA,
2025-01-07,405.8299865722656,414.3299865722656,390.0,394.3599853515625,75699500.0,TSLA,
2025-01-08,392.95001220703125,402.5,387.3999938964844,394.94000244140625,73038800.0,TSLA,
2025-01-10,391.3999938964844,399.2799987792969,377.2900085449219,394.739990234375,62287300.0,TSLA,
2025-01-13,383.2099914550781,403.7900085449219,380.07000732421875,403.30999755859375,67580500.0,TSLA,
2025-01-14,414.3399963378906,422.6400146484375,394.5400085449219,396.3599853515625,84565000.0,TSLA,
2025-01-15,409.8999938964844,429.79998779296875,405.6600036621094,428.2200012207031,81375500.0,TSLA,
2025-01-16,423.489990234375,424.0,409.1300048828125,413.82000732421875,68335200.0,TSLA,
2025-01-17,421.5,439.739990234375,419.75,426.5,94991400.0,TSLA,
2025-01-21,432.6400146484375,433.20001220703125,406.30999755859375,424.07000732421875,87320900.0,TSLA,
2025-01-22,416.80999755859375,428.0,414.5899963378906,415.1099853515625,60963300.0,TSLA,
2025-01-23,416.05999755859375,420.7300109863281,408.95001220703125,412.3800048828125,50690600.0,TSLA,
2025-01-24,414.45001220703125,418.8800048828125,405.7799987792969,406.5799865722656,56427100.0,TSLA,
2025-01-27,394.79998779296875,406.69000244140625,389.0,397.1499938964844,58125500.0,TSLA,
2025-01-28,396.9100036621094,400.5899963378906,386.5,398.0899963378906,48910700.0,TSLA,
2025-01-29,395.2099914550781,398.5899963378906,384.4800109863281,389.1000061035156,68033600.0,TSLA,
2025-01-30,410.7799987792969,412.5,384.4100036621094,400.2799987792969,98092900.0,TSLA,
2025-01-31,401.5299987792969,419.989990234375,401.3399963378906,404.6000061035156,83568200.0,TSLA,
2025-02-03,386.67999267578125,389.1700134277344,374.3599853515625,383.67999267578125,93732100.0,TSLA,
2025-02-04,382.6300048828125,394.0,381.3999938964844,392.2099914550781,57072200.0,TSLA,
2025-02-05,387.510009765625,388.3900146484375,375.5299987792969,378.1700134277344,57223300.0,TSLA,
2025-02-06,373.0299987792969,375.3999938964844,363.17999267578125,374.32000732421875,77918200.0,TSLA,
2025-02-07,370.19000244140625,380.54998779296875,360.3399963378906,361.6199951171875,70298300.0,TSLA,
2025-02-10,356.2099914550781,362.70001220703125,350.510009765625,350.7300109863281,77514900.0,TSLA,
2025-02-11,345.79998779296875,349.3699951171875,325.1000061035156,328.5,118543400.0,TSLA,
2025-02-12,329.94000244140625,346.3999938964844,329.1199951171875,336.510009765625,105382700.0,TSLA,
2025-02-13,345.0,358.69000244140625,342.8500061035156,355.94000244140625,89441500.0,TSLA,
2025-02-14,360.6199951171875,362.0,347.5,355.8399963378906,68277300.0,TSLA,
2025-02-18,355.010009765625,359.1000061035156,350.0199890136719,354.1099853515625,51631700.0,TSLA,
2025-02-19,354.0,367.3399963378906,353.6700134277344,360.55999755859375,67094400.0,TSLA,
2025-02-20,361.510009765625,362.29998779296875,348.0,354.3999938964844,45965400.0,TSLA,
2025-02-21,353.44000244140625,354.9800109863281,334.4200134277344,337.79998779296875,74058600.0,TSLA,
2025-02-24,338.1400146484375,342.3999938964844,324.70001220703125,330.5299987792969,76052300.0,TSLA,
2025-02-25,327.0199890136719,328.8900146484375,297.25,302.79998779296875,134228800.0,TSLA,
2025-02-26,303.7099914550781,309.0,288.0400085449219,290.79998779296875,100118300.0,TSLA,
2025-02-27,291.1600036621094,297.2300109863281,280.8800048828125,281.95001220703125,101748200.0,TSLA,
2025-02-28,279.5,293.8800048828125,273.6000061035156,292.9800109863281,115697000.0,TSLA,
2025-03-03,300.3399963378906,303.94000244140625,277.29998779296875,284.6499938964844,115551400.0,TSLA,
2025-03-04,270.92999267578125,284.3500061035156,261.8399963378906,272.0400085449219,126706600.0,TSLA,
2025-03-05,272.9200134277344,279.54998779296875,267.7099914550781,279.1000061035156,94042900.0,TSLA,
2025-03-06,272.05999755859375,272.6499938964844,260.0199890136719,263.45001220703125,98451600.0,TSLA,
2025-03-07,259.32000732421875,266.25,250.72999572753906,262.6700134277344,102369600.0,TSLA,
2025-03-10,252.5399932861328,253.3699951171875,220.0,222.14999389648438,189076900.0,TSLA,
2025-03-11,225.30999755859375,237.05999755859375,217.02000427246094,230.5800018310547,174896400.0,TSLA,
2025-03-12,247.22000122070312,251.83999633789062,241.10000610351562,248.08999633789062,142215700.0,TSLA,
2025-03-13,248.1300048828125,248.2899932861328,232.60000610351562,240.67999267578125,114813500.0,TSLA,
2025-03-14,247.30999755859375,251.5800018310547,240.72999572753906,249.97999572753906,100242300.0,TSLA,
2025-03-17,245.05999755859375,245.39999389648438,232.8000030517578,238.00999450683594,111900600.0,TSLA,
2025-03-18,228.16000366210938,230.10000610351562,222.27999877929688,225.30999755859375,111477600.0,TSLA,
2025-03-19,231.61000061035156,241.41000366210938,229.1999969482422,235.86000061035156,111993800.0,TSLA,
2025-03-20,233.35000610351562,238.0,230.0500030517578,236.25999450683594,99028300.0,TSLA,
2025-03-21,234.99000549316406,249.52000427246094,234.5500030517578,248.7100067138672,132728700.0,TSLA,
2025-03-24,258.0799865722656,278.6400146484375,256.3299865722656,278.3900146484375,169079900.0,TSLA,
2025-03-25,283.6000061035156,288.20001220703125,271.2799987792969,288.1400146484375,150361500.0,TSLA,
2025-03-26,282.6600036621094,284.8999938964844,266.510009765625,272.05999755859375,153629800.0,TSLA,
2025-03-27,272.4800109863281,291.8500061035156,271.82000732421875,273.1300048828125,162572100.0,TSLA,
2025-03-28,275.5799865722656,276.1000061035156,260.57000732421875,263.54998779296875,123809400.0,TSLA,
2025-03-31,249.30999755859375,260.55999755859375,243.36000061035156,259.1600036621094,134008900.0,TSLA,
2025-04-01,263.79998779296875,277.45001220703125,259.25,268.4599914550781,146486900.0,TSLA,
2025-04-02,254.60000610351562,284.989990234375,251.27000427246094,282.760009765625,212787800.0,TSLA,
2025-04-03,265.2900085449219,276.29998779296875,261.510009765625,267.2799987792969,136174300.0,TSLA,
2025-04-04,255.3800048828125,261.0,236.0,239.42999267578125,181229400.0,TSLA,
2025-04-07,223.77999877929688,252.0,214.25,233.2899932861328,183453800.0,TSLA,
2025-04-08,245.0,250.44000244140625,217.8000030517578,221.86000061035156,171603500.0,TSLA,
2025-04-09,224.69000244140625,274.69000244140625,223.8800048828125,272.20001220703125,219433400.0,TSLA,
2025-04-10,260.0,262.489990234375,239.3300018310547,252.39999389648438,181722600.0,TSLA,
2025-04-11,251.83999633789062,257.739990234375,241.36000061035156,252.30999755859375,128948100.0,TSLA,
2025-04-14,258.3599853515625,261.79998779296875,245.92999267578125,252.35000610351562,100135200.0,TSLA,
2025-04-15,249.91000366210938,258.75,247.5399932861328,254.11000061035156,79594300.0,TSLA,
2025-04-16,247.61000061035156,251.97000122070312,233.88999938964844,241.5500030517578,112378700.0,TSLA,
2025-04-17,243.47000122070312,244.33999633789062,237.67999267578125,241.3699951171875,83404800.0,TSLA,
2025-04-21,230.25999450683594,232.2100067138672,222.7899932861328,227.5,97768000.0,TSLA,
2025-04-22,230.9600067138672,242.7899932861328,229.85000610351562,237.97000122070312,120858500.0,TSLA,
2025-04-23,254.86000061035156,259.45001220703125,244.42999267578125,250.74000549316406,150381900.0,TSLA,
2025-04-24,250.5,259.5400085449219,249.1999969482422,259.510009765625,94464200.0,TSLA,
2025-04-25,261.69000244140625,286.8500061035156,259.6300048828125,284.95001220703125,167560700.0,TSLA,
2025-04-28,288.9800109863281,294.8599853515625,272.4200134277344,285.8800048828125,151731800.0,TSLA,
2025-04-29,285.5,293.32000732421875,279.4700012207031,292.0299987792969,108906600.0,TSLA,
2025-04-30,279.8999938964844,284.45001220703125,270.7799987792969,282.1600036621094,128961100.0,TSLA,
2025-05-01,280.010009765625,290.8699951171875,279.80999755859375,280.5199890136719,99659000.0,TSLA,
2025-05-02,284.8999938964844,294.7799987792969,279.80999755859375,287.2099914550781,114454700.0,TSLA,
2025-05-05,284.57000732421875,284.8500061035156,274.3999938964844,280.260009765625,94618900.0,TSLA,
2025-05-06,273.1099853515625,277.7300109863281,271.3500061035156,275.3500061035156,76715800.0,TSLA,
2025-05-07,276.8800048828125,277.9200134277344,271.0,276.2200012207031,71592600.0,TSLA,
2025-05-08,279.6300048828125,289.79998779296875,279.4100036621094,284.82000732421875,97539400.0,TSLA,
2025-05-09,290.2099914550781,307.0400085449219,290.0,298.260009765625,132387800.0,TSLA,
2025-05-12,321.989990234375,322.2099914550781,311.5,318.3800048828125,112826700.0,TSLA,
2025-05-13,320.0,337.5899963378906,316.79998779296875,334.07000732421875,136992600.0,TSLA,
2025-05-14,342.5,350.0,337.0,347.67999267578125,136997300.0,TSLA,
2025-05-15,340.3399963378906,346.1400146484375,334.7200012207031,342.82000732421875,97882600.0,TSLA,
2025-05-16,346.239990234375,351.6199951171875,342.3299865722656,349.9800109863281,95895700.0,TSLA,
2025-05-19,336.29998779296875,343.0,333.3699951171875,342.0899963378906,88869900.0,TSLA,
2025-05-20,347.8699951171875,354.989990234375,341.6300048828125,343.82000732421875,131715500.0,TSLA,
2025-05-21,344.42999267578125,347.3500061035156,332.20001220703125,334.6199951171875,102354800.0,TSLA,
2025-05-22,331.8999938964844,347.2699890136719,331.3900146484375,341.0400085449219,97113400.0,TSLA,
2025-05-23,337.9200134277344,343.17999267578125,333.2099914550781,339.3399963378906,84654800.0,TSLA,
2025-05-27,347.3500061035156,363.7900085449219,347.32000732421875,362.8900146484375,120146400.0,TSLA,
2025-05-28,364.8399963378906,365.0,355.9100036621094,356.8999938964844,91404300.0,TSLA,
2025-05-29,365.2900085449219,367.7099914550781,356.0,358.42999267578125,88545700.0,TSLA,
2025-05-30,355.5199890136719,363.67999267578125,345.2900085449219,346.4599914550781,123474900.0,TSLA,
2025-06-02,343.5,348.0199890136719,333.3299865722656,342.69000244140625,81873800.0,TSLA,
2025-06-03,346.6000061035156,355.3999938964844,343.0400085449219,344.2699890136719,99324500.0,TSLA,
2025-06-04,345.1000061035156,345.6000061035156,327.3299865722656,332.04998779296875,98912100.0,TSLA,
2025-06-05,322.489990234375,324.54998779296875,273.2099914550781,284.70001220703125,287499800.0,TSLA,
2025-06-06,298.8299865722656,305.5,291.1400146484375,295.1400146484375,164747700.0,TSLA,
2025-06-09,285.9599914550781,309.8299865722656,281.8500061035156,308.5799865722656,140908900.0,TSLA,
2025-06-10,314.94000244140625,327.8299865722656,310.6700134277344,326.0899963378906,151256500.0,TSLA,
2025-06-11,334.3999938964844,335.5,322.5,326.42999267578125,122611400.0,TSLA,
2025-06-12,323.0799865722656,332.55999755859375,316.8599853515625,319.1099853515625,105127500.0,TSLA,
2025-06-13,313.9700012207031,332.989990234375,313.29998779296875,325.30999755859375,128964300.0,TSLA,
2025-06-16,331.2900085449219,332.04998779296875,326.4100036621094,329.1300048828125,83925900.0,TSLA,
2025-06-17,326.0199890136719,327.260009765625,314.75,316.3500061035156,87708350.0,TSLA,
2024-06-18,,,,,,INVALID2,
2024-06-20,,,,,,INVALID2,
2024-06-21,,,,,,INVALID2,
2024-06-24,,,,,,INVALID2,
2024-06-25,,,,,,INVALID2,
2024-06-26,,,,,,INVALID2,
2024-06-27,,,,,,INVALID2,
2024-06-28,,,,,,INVALID2,
2024-07-01,,,,,,INVALID2,
2024-07-02,,,,,,INVALID2,
2024-07-03,,,,,,INVALID2,
2024-07-05,,,,,,INVALID2,
2024-07-08,,,,,,INVALID2,
2024-07-09,,,,,,INVALID2,
2024-07-10,,,,,,INVALID2,
2024-07-11,,,,,,INVALID2,
2024-07-12,,,,,,INVALID2,
2024-07-15,,,,,,INVALID2,
2024-07-16,,,,,,INVALID2,
2024-07-17,,,,,,INVALID2,
2024-07-18,,,,,,INVALID2,
2024-07-19,,,,,,INVALID2,
2024-07-22,,,,,,INVALID2,
2024-07-23,,,,,,INVALID2,
2024-07-24,,,,,,INVALID2,
2024-07-25,,,,,,INVALID2,
2024-07-26,,,,,,INVALID2,
2024-07-29,,,,,,INVALID2,
2024-07-30,,,,,,INVALID2,
2024-07-31,,,,,,INVALID2,
2024-08-01,,,,,,INVALID2,
2024-08-02,,,,,,INVALID2,
2024-08-05,,,,,,INVALID2,
2024-08-06,,,,,,INVALID2,
2024-08-07,,,,,,INVALID2,
2024-08-08,,,,,,INVALID2,
2024-08-09,,,,,,INVALID2,
2024-08-12,,,,,,INVALID2,
2024-08-13,,,,,,INVALID2,
2024-08-14,,,,,,INVALID2,
2024-08-15,,,,,,INVALID2,
2024-08-16,,,,,,INVALID2,
2024-08-19,,,,,,INVALID2,
2024-08-20,,,,,,INVALID2,
2024-08-21,,,,,,INVALID2,
2024-08-22,,,,,,INVALID2,
2024-08-23,,,,,,INVALID2,
2024-08-26,,,,,,INVALID2,
2024-08-27,,,,,,INVALID2,
2024-08-28,,,,,,INVALID2,
2024-08-29,,,,,,INVALID2,
2024-08-30,,,,,,INVALID2,
2024-09-03,,,,,,INVALID2,
2024-09-04,,,,,,INVALID2,
2024-09-05,,,,,,INVALID2,
2024-09-06,,,,,,INVALID2,
2024-09-09,,,,,,INVALID2,
2024-09-10,,,,,,INVALID2,
2024-09-11,,,,,,INVALID2,
2024-09-12,,,,,,INVALID2,
2024-09-13,,,,,,INVALID2,
2024-09-16,,,,,,INVALID2,
2024-09-17,,,,,,INVALID2,
2024-09-18,,,,,,INVALID2,
2024-09-19,,,,,,INVALID2,
2024-09-20,,,,,,INVALID2,
2024-09-23,,,,,,INVALID2,
2024-09-24,,,,,,INVALID2,
2024-09-25,,,,,,INVALID2,
2024-09-26,,,,,,INVALID2,
2024-09-27,,,,,,INVALID2,
2024-09-30,,,,,,INVALID2,
2024-10-01,,,,,,INVALID2,
2024-10-02,,,,,,INVALID2,
2024-10-03,,,,,,INVALID2,
2024-10-04,,,,,,INVALID2,
2024-10-07,,,,,,INVALID2,
2024-10-08,,,,,,INVALID2,
2024-10-09,,,,,,INVALID2,
2024-10-10,,,,,,INVALID2,
2024-10-11,,,,,,INVALID2,
2024-10-14,,,,,,INVALID2,
2024-10-15,,,,,,INVALID2,
2024-10-16,,,,,,INVALID2,
2024-10-17,,,,,,INVALID2,
2024-10-18,,,,,,INVALID2,
2024-10-21,,,,,,INVALID2,
2024-10-22,,,,,,INVALID2,
2024-10-23,,,,,,INVALID2,
2024-10-24,,,,,,INVALID2,
2024-10-25,,,,,,INVALID2,
2024-10-28,,,,,,INVALID2,
2024-10-29,,,,,,INVALID2,
2024-10-30,,,,,,INVALID2,
2024-10-31,,,,,,INVALID2,
2024-11-01,,,,,,INVALID2,
2024-11-04,,,,,,INVALID2,
2024-11-05,,,,,,INVALID2,
2024-11-06,,,,,,INVALID2,
2024-11-07,,,,,,INVALID2,
2024-11-08,,,,,,INVALID2,
2024-11-11,,,,,,INVALID2,
2024-11-12,,,,,,INVALID2,
2024-11-13,,,,,,INVALID2,
2024-11-14,,,,,,INVALID2,
2024-11-15,,,,,,INVALID2,
2024-11-18,,,,,,INVALID2,
2024-11-19,,,,,,INVALID2,
2024-11-20,,,,,,INVALID2,
2024-11-21,,,,,,INVALID2,
2024-11-22,,,,,,INVALID2,
2024-11-25,,,,,,INVALID2,
2024-11-26,,,,,,INVALID2,
2024-11-27,,,,,,INVALID2,
2024-11-29,,,,,,INVALID2,
2024-12-02,,,,,,INVALID2,
2024-12-03,,,,,,INVALID2,
2024-12-04,,,,,,INVALID2,
2024-12-05,,,,,,INVALID2,
2024-12-06,,,,,,INVALID2,
2024-12-09,,,,,,INVALID2,
2024-12-10,,,,,,INVALID2,
2024-12-11,,,,,,INVALID2,
2024-12-12,,,,,,INVALID2,
2024-12-13,,,,,,INVALID2,
2024-12-16,,,,,,INVALID2,
2024-12-17,,,,,,INVALID2,
2024-12-18,,,,,,INVALID2,
2024-12-19,,,,,,INVALID2,
2024-12-20,,,,,,INVALID2,
2024-12-23,,,,,,INVALID2,
2024-12-24,,,,,,INVALID2,
2024-12-26,,,,,,INVALID2,
2024-12-27,,,,,,INVALID2,
2024-12-30,,,,,,INVALID2,
2024-12-31,,,,,,INVALID2,
2025-01-02,,,,,,INVALID2,
2025-01-03,,,,,,INVALID2,
2025-01-06,,,,,,INVALID2,
2025-01-07,,,,,,INVALID2,
2025-01-08,,,,,,INVALID2,
2025-01-10,,,,,,INVALID2,
2025-01-13,,,,,,INVALID2,
2025-01-14,,,,,,INVALID2,
2025-01-15,,,,,,INVALID2,
2025-01-16,,,,,,INVALID2,
2025-01-17,,,,,,INVALID2,
2025-01-21,,,,,,INVALID2,
2025-01-22,,,,,,INVALID2,
2025-01-23,,,,,,INVALID2,
2025-01-24,,,,,,INVALID2,
2025-01-27,,,,,,INVALID2,
2025-01-28,,,,,,INVALID2,
2025-01-29,,,,,,INVALID2,
2025-01-30,,,,,,INVALID2,
2025-01-31,,,,,,INVALID2,
2025-02-03,,,,,,INVALID2,
2025-02-04,,,,,,INVALID2,
2025-02-05,,,,,,INVALID2,
2025-02-06,,,,,,INVALID2,
2025-02-07,,,,,,INVALID2,
2025-02-10,,,,,,INVALID2,
2025-02-11,,,,,,INVALID2,
2025-02-12,,,,,,INVALID2,
2025-02-13,,,,,,INVALID2,
2025-02-14,,,,,,INVALID2,
2025-02-18,,,,,,INVALID2,
2025-02-19,,,,,,INVALID2,
2025-02-20,,,,,,INVALID2,
2025-02-21,,,,,,INVALID2,
2025-02-24,,,,,,INVALID2,
2025-02-25,,,,,,INVALID2,
2025-02-26,,,,,,INVALID2,
2025-02-27,,,,,,INVALID2,
2025-02-28,,,,,,INVALID2,
2025-03-03,,,,,,INVALID2,
2025-03-04,,,,,,INVALID2,
2025-03-05,,,,,,INVALID2,
2025-03-06,,,,,,INVALID2,
2025-03-07,,,,,,INVALID2,
2025-03-10,,,,,,INVALID2,
2025-03-11,,,,,,INVALID2,
2025-03-12,,,,,,INVALID2,
2025-03-13,,,,,,INVALID2,
2025-03-14,,,,,,INVALID2,
2025-03-17,,,,,,INVALID2,
2025-03-18,,,,,,INVALID2,
2025-03-19,,,,,,INVALID2,
2025-03-20,,,,,,INVALID2,
2025-03-21,,,,,,INVALID2,
2025-03-24,,,,,,INVALID2,
2025-03-25,,,,,,INVALID2,
2025-03-26,,,,,,INVALID2,
2025-03-27,,,,,,INVALID2,
2025-03-28,,,,,,INVALID2,
2025-03-31,,,,,,INVALID2,
2025-04-01,,,,,,INVALID2,
2025-04-02,,,,,,INVALID2,
2025-04-03,,,,,,INVALID2,
2025-04-04,,,,,,INVALID2,
2025-04-07,,,,,,INVALID2,
2025-04-08,,,,,,INVALID2,
2025-04-09,,,,,,INVALID2,
2025-04-10,,,,,,INVALID2,
2025-04-11,,,,,,INVALID2,
2025-04-14,,,,,,INVALID2,
2025-04-15,,,,,,INVALID2,
2025-04-16,,,,,,INVALID2,
2025-04-17,,,,,,INVALID2,
2025-04-21,,,,,,INVALID2,
2025-04-22,,,,,,INVALID2,
2025-04-23,,,,,,INVALID2,
2025-04-24,,,,,,INVALID2,
2025-04-25,,,,,,INVALID2,
2025-04-28,,,,,,INVALID2,
2025-04-29,,,,,,INVALID2,
2025-04-30,,,,,,INVALID2,
2025-05-01,,,,,,INVALID2,
2025-05-02,,,,,,INVALID2,
2025-05-05,,,,,,INVALID2,
2025-05-06,,,,,,INVALID2,
2025-05-07,,,,,,INVALID2,
2025-05-08,,,,,,INVALID2,
2025-05-09,,,,,,INVALID2,
2025-05-12,,,,,,INVALID2,
2025-05-13,,,,,,INVALID2,
2025-05-14,,,,,,INVALID2,
2025-05-15,,,,,,INVALID2,
2025-05-16,,,,,,INVALID2,
2025-05-19,,,,,,INVALID2,
2025-05-20,,,,,,INVALID2,
2025-05-21,,,,,,INVALID2,
2025-05-22,,,,,,INVALID2,
2025-05-23,,,,,,INVALID2,
2025-05-27,,,,,,INVALID2,
2025-05-28,,,,,,INVALID2,
2025-05-29,,,,,,INVALID2,
2025-05-30,,,,,,INVALID2,
2025-06-02,,,,,,INVALID2,
2025-06-03,,,,,,INVALID2,
2025-06-04,,,,,,INVALID2,
2025-06-05,,,,,,INVALID2,
2025-06-06,,,,,,INVALID2,
2025-06-09,,,,,,INVALID2,
2025-06-10,,,,,,INVALID2,
2025-06-11,,,,,,INVALID2,
2025-06-12,,,,,,INVALID2,
2025-06-13,,,,,,INVALID2,
2025-06-16,,,,,,INVALID2,
2025-06-17,,,,,,INVALID2,
2024-06-18,183.74000549316406,184.2899932861328,181.42999267578125,182.80999755859375,36659200.0,AMZN,
2024-06-20,182.91000366210938,186.50999450683594,182.72000122070312,186.10000610351562,44726800.0,AMZN,
2024-06-21,187.8000030517578,189.27999877929688,185.86000061035156,189.0800018310547,72931800.0,AMZN,
2024-06-24,189.3300018310547,191.0,185.3300018310547,185.57000732421875,50610400.0,AMZN,
2024-06-25,186.80999755859375,188.83999633789062,185.4199981689453,186.33999633789062,45898500.0,AMZN,
2024-06-26,186.9199981689453,194.8000030517578,186.25999450683594,193.61000061035156,65103900.0,AMZN,
2024-06-27,195.00999450683594,199.83999633789062,194.1999969482422,197.85000610351562,74397500.0,AMZN,
2024-06-28,197.72999572753906,198.85000610351562,192.5,193.25,76930200.0,AMZN,
2024-07-01,193.49000549316406,198.3000030517578,192.82000732421875,197.1999969482422,41192000.0,AMZN,
2024-07-02,197.27999877929688,200.42999267578125,195.92999267578125,200.0,45600000.0,AMZN,
2024-07-03,199.94000244140625,200.02999877929688,196.75999450683594,197.58999633789062,31597900.0,AMZN,
2024-07-05,198.64999389648438,200.5500030517578,198.1699981689453,200.0,39858900.0,AMZN,
2024-07-08,200.0399932861328,201.1999969482422,197.9600067138672,199.2899932861328,34767300.0,AMZN,
2024-07-09,199.39999389648438,200.57000732421875,199.0500030517578,199.33999633789062,32700100.0,AMZN,
2024-07-10,200.0,200.11000061035156,197.69000244140625,199.7899932861328,32883800.0,AMZN,
2024-07-11,200.08999633789062,200.27000427246094,192.86000061035156,195.0500030517578,44565000.0,AMZN,
2024-07-12,194.8000030517578,196.47000122070312,193.8300018310547,194.49000549316406,30598500.0,AMZN,
2024-07-15,194.55999755859375,196.19000244140625,190.8300018310547,192.72000122070312,40683200.0,AMZN,
2024-07-16,195.58999633789062,196.6199951171875,192.24000549316406,193.02000427246094,33994700.0,AMZN,
2024-07-17,191.35000610351562,191.5800018310547,185.99000549316406,187.92999267578125,48076100.0,AMZN,
2024-07-18,189.58999633789062,189.67999267578125,181.4499969482422,183.75,51043600.0,AMZN,
2024-07-19,181.13999938964844,184.92999267578125,180.11000061035156,183.1300048828125,43081800.0,AMZN,
2024-07-22,185.0,185.05999755859375,182.47999572753906,182.5500030517578,39931900.0,AMZN,
2024-07-23,184.10000610351562,189.38999938964844,183.55999755859375,186.41000366210938,47537700.0,AMZN,
2024-07-24,183.1999969482422,185.4499969482422,180.41000366210938,180.8300018310547,41532400.0,AMZN,
2024-07-25,182.91000366210938,183.89999389648438,176.8000030517578,179.85000610351562,44464200.0,AMZN,
2024-07-26,180.38999938964844,183.19000244140625,180.24000549316406,182.5,29506000.0,AMZN,
2024-07-29,183.83999633789062,184.75,182.3800048828125,183.1999969482422,33270100.0,AMZN,
2024-07-30,184.72000122070312,185.86000061035156,179.3800048828125,181.7100067138672,39508600.0,AMZN,
2024-07-31,185.0500030517578,187.94000244140625,184.4600067138672,186.97999572753906,41667300.0,AMZN,
2024-08-01,189.2899932861328,190.60000610351562,181.8699951171875,184.07000732421875,70435600.0,AMZN,
2024-08-02,166.75,168.77000427246094,160.5500030517578,167.89999389648438,141448400.0,AMZN,
2024-08-05,154.2100067138672,162.9600067138672,151.61000061035156,161.02000427246094,83149400.0,AMZN,
2024-08-06,161.7100067138672,165.0800018310547,158.5399932861328,161.92999267578125,59950800.0,AMZN,
2024-08-07,166.5500030517578,167.5800018310547,161.42999267578125,162.77000427246094,48408200.0,AMZN,
2024-08-08,165.1699981689453,166.69000244140625,162.5500030517578,165.8000030517578,44616200.0,AMZN,
2024-08-09,166.39999389648438,168.5500030517578,165.85000610351562,166.94000244140625,36401000.0,AMZN,
2024-08-12,168.13999938964844,168.5500030517578,166.11000061035156,166.8000030517578,30072800.0,AMZN,
2024-08-13,167.80999755859375,171.0399932861328,167.10000610351562,170.22999572753906,39237900.0,AMZN,
2024-08-14,172.11000061035156,172.27999877929688,168.86000061035156,170.10000610351562,28843800.0,AMZN,
2024-08-15,174.86000061035156,177.91000366210938,173.99000549316406,177.58999633789062,51698500.0,AMZN,
2024-08-16,177.0399932861328,178.33999633789062,176.25999450683594,177.05999755859375,31489200.0,AMZN,
2024-08-19,177.63999938964844,178.3000030517578,176.16000366210938,178.22000122070312,31129800.0,AMZN,
2024-08-20,177.9199981689453,179.00999450683594,177.42999267578125,178.8800048828125,26255200.0,AMZN,
2024-08-21,179.9199981689453,182.38999938964844,178.88999938964844,180.11000061035156,35599100.0,AMZN,
2024-08-22,181.3800048828125,181.47000122070312,175.67999267578125,176.1300048828125,32047500.0,AMZN,
2024-08-23,177.33999633789062,178.97000122070312,175.24000549316406,177.0399932861328,29150100.0,AMZN,
2024-08-26,176.6999969482422,177.47000122070312,174.3000030517578,175.5,22366200.0,AMZN,
2024-08-27,174.14999389648438,174.88999938964844,172.25,173.1199951171875,29842000.0,AMZN,
2024-08-28,173.69000244140625,173.69000244140625,168.9199981689453,170.8000030517578,29045000.0,AMZN,
2024-08-29,173.22000122070312,174.2899932861328,170.80999755859375,172.1199951171875,26407800.0,AMZN,
2024-08-30,172.77999877929688,178.89999389648438,172.60000610351562,178.5,43429400.0,AMZN,
2024-09-03,177.5500030517578,178.25999450683594,175.25999450683594,176.25,37817500.0,AMZN,
2024-09-04,174.47999572753906,175.97999572753906,172.5399932861328,173.3300018310547,30309200.0,AMZN,
2024-09-05,175.0,179.8800048828125,175.0,177.88999938964844,40170500.0,AMZN,
2024-09-06,177.24000549316406,178.3800048828125,171.16000366210938,171.38999938964844,41466500.0,AMZN,
2024-09-09,174.52999877929688,175.85000610351562,173.50999450683594,175.39999389648438,29037400.0,AMZN,
2024-09-10,177.49000549316406,180.5,176.7899932861328,179.5500030517578,36233800.0,AMZN,
2024-09-11,180.10000610351562,184.99000549316406,175.72999572753906,184.52000427246094,42564700.0,AMZN,
2024-09-12,184.8000030517578,187.41000366210938,183.5399932861328,187.0,33622500.0,AMZN,
2024-09-13,187.0,188.5,185.91000366210938,186.49000549316406,26495400.0,AMZN,
2024-09-16,185.2899932861328,185.80999755859375,183.36000061035156,184.88999938964844,26065500.0,AMZN,
2024-09-17,186.85000610351562,189.4499969482422,186.13999938964844,186.8800048828125,26091700.0,AMZN,
2024-09-18,186.4499969482422,188.8000030517578,185.05999755859375,186.42999267578125,34448100.0,AMZN,
2024-09-19,190.0399932861328,190.99000549316406,188.47000122070312,189.8699951171875,39543200.0,AMZN,
2024-09-20,190.22999572753906,191.83999633789062,187.41000366210938,191.60000610351562,100378600.0,AMZN,
2024-09-23,191.63999938964844,194.4499969482422,190.57000732421875,193.8800048828125,36993100.0,AMZN,
2024-09-24,194.27000427246094,195.3699951171875,190.1300048828125,193.9600067138672,43478900.0,AMZN,
2024-09-25,193.75,193.9499969482422,192.16000366210938,192.52999877929688,26391100.0,AMZN,
2024-09-26,194.30999755859375,194.52999877929688,189.5399932861328,191.16000366210938,36334900.0,AMZN,
2024-09-27,190.67999267578125,190.89999389648438,187.33999633789062,187.97000122070312,36002300.0,AMZN,
2024-09-30,187.13999938964844,188.49000549316406,184.64999389648438,186.3300018310547,41583900.0,AMZN,
2024-10-01,184.89999389648438,186.19000244140625,183.4499969482422,185.1300048828125,36044900.0,AMZN,
2024-10-02,184.44000244140625,186.60000610351562,184.0399932861328,184.75999450683594,23704100.0,AMZN,
2024-10-03,183.0500030517578,183.44000244140625,180.8800048828125,181.9600067138672,30204300.0,AMZN,
2024-10-04,185.75,187.60000610351562,183.60000610351562,186.50999450683594,40890300.0,AMZN,
2024-10-07,182.9499969482422,183.60000610351562,180.25,180.8000030517578,42364200.0,AMZN,
2024-10-08,181.9199981689453,183.08999633789062,180.9199981689453,182.72000122070312,26372100.0,AMZN,
2024-10-09,182.82000732421875,185.85000610351562,182.0500030517578,185.1699981689453,26343100.0,AMZN,
2024-10-10,187.1300048828125,188.1300048828125,185.8300018310547,186.64999389648438,27785000.0,AMZN,
2024-10-11,186.6300048828125,189.92999267578125,186.3000030517578,188.82000732421875,25751600.0,AMZN,
2024-10-14,189.77999877929688,189.8300018310547,187.36000061035156,187.5399932861328,22614400.0,AMZN,
2024-10-15,187.6300048828125,188.41000366210938,184.5800018310547,187.69000244140625,32178900.0,AMZN,
2024-10-16,187.0500030517578,187.77999877929688,185.61000061035156,186.88999938964844,23456800.0,AMZN,
2024-10-17,188.22000122070312,188.94000244140625,186.0,187.52999877929688,25039400.0,AMZN,
2024-10-18,187.14999389648438,190.74000549316406,186.27999877929688,188.99000549316406,37417700.0,AMZN,
2024-10-21,188.0500030517578,189.4600067138672,186.39999389648438,189.07000732421875,24639400.0,AMZN,
2024-10-22,188.35000610351562,191.52000427246094,186.97999572753906,189.6999969482422,29650600.0,AMZN,
2024-10-23,188.85000610351562,189.16000366210938,183.69000244140625,184.7100067138672,31937100.0,AMZN,
2024-10-24,185.25,187.11000061035156,183.86000061035156,186.3800048828125,21647400.0,AMZN,
2024-10-25,187.85000610351562,190.4499969482422,187.52999877929688,187.8300018310547,29362100.0,AMZN,
2024-10-28,189.57000732421875,190.2100067138672,188.2100067138672,188.38999938964844,27930800.0,AMZN,
2024-10-29,188.5800018310547,191.4600067138672,187.82000732421875,190.8300018310547,35690200.0,AMZN,
2024-10-30,194.6999969482422,195.61000061035156,192.4199981689453,192.72999572753906,37707600.0,AMZN,
2024-10-31,190.50999450683594,190.60000610351562,185.22999572753906,186.39999389648438,75146800.0,AMZN,
2024-11-01,199.0,200.5,197.02000427246094,197.92999267578125,99687800.0,AMZN,
2024-11-04,196.4499969482422,197.3300018310547,194.30999755859375,195.77999877929688,38492100.0,AMZN,
2024-11-05,196.0399932861328,199.82000732421875,195.99000549316406,199.5,30564800.0,AMZN,
2024-11-06,200.00999450683594,207.5500030517578,199.13999938964844,207.08999633789062,72292200.0,AMZN,
2024-11-07,207.44000244140625,212.25,207.19000244140625,210.0500030517578,52878400.0,AMZN,
2024-11-08,209.72000122070312,209.9600067138672,207.44000244140625,208.17999267578125,36075800.0,AMZN,
2024-11-11,208.5,209.64999389648438,205.58999633789062,206.83999633789062,35456000.0,AMZN,
2024-11-12,208.3699951171875,209.5399932861328,206.00999450683594,208.91000366210938,38942900.0,AMZN,
2024-11-13,209.39999389648438,215.08999633789062,209.13999938964844,214.10000610351562,46212900.0,AMZN,
2024-11-14,214.16000366210938,215.89999389648438,210.8800048828125,211.47999572753906,42620300.0,AMZN,
2024-11-15,206.75999450683594,207.33999633789062,199.61000061035156,202.61000061035156,86591100.0,AMZN,
2024-11-18,204.14999389648438,204.6699981689453,200.9499969482422,201.6999969482422,36512500.0,AMZN,
2024-11-19,199.3300018310547,205.3000030517578,198.77999877929688,204.61000061035156,31197900.0,AMZN,
2024-11-20,202.97999572753906,203.1300048828125,199.4499969482422,202.8800048828125,32769000.0,AMZN,
2024-11-21,203.49000549316406,203.49000549316406,195.75,198.3800048828125,58800000.0,AMZN,
2024-11-22,198.25,199.25999450683594,196.75,197.1199951171875,31530800.0,AMZN,
2024-11-25,199.27999877929688,201.9499969482422,199.0,201.4499969482422,40685700.0,AMZN,
2024-11-26,201.89999389648438,208.0,201.7899932861328,207.86000061035156,41673700.0,AMZN,
2024-11-27,206.97999572753906,207.63999938964844,205.0500030517578,205.74000549316406,28061600.0,AMZN,
2024-11-29,205.8300018310547,208.1999969482422,204.58999633789062,207.88999938964844,24892400.0,AMZN,
2024-12-02,209.9600067138672,212.99000549316406,209.50999450683594,210.7100067138672,39523200.0,AMZN,
2024-12-03,210.30999755859375,214.02000427246094,209.64999389648438,213.44000244140625,32214800.0,AMZN,
2024-12-04,215.9600067138672,220.0,215.75,218.16000366210938,48745700.0,AMZN,
2024-12-05,218.02999877929688,222.14999389648438,217.3000030517578,220.5500030517578,41140200.0,AMZN,
2024-12-06,220.75,227.14999389648438,220.60000610351562,227.02999877929688,44178100.0,AMZN,
2024-12-09,227.2100067138672,230.0800018310547,225.6699981689453,226.08999633789062,46819400.0,AMZN,
2024-12-10,226.08999633789062,229.05999755859375,224.1999969482422,225.0399932861328,31199900.0,AMZN,
2024-12-11,226.41000366210938,231.1999969482422,226.25999450683594,230.25999450683594,35385800.0,AMZN,
2024-12-12,229.8300018310547,231.08999633789062,227.6300048828125,228.97000122070312,28204100.0,AMZN,
2024-12-13,228.39999389648438,230.1999969482422,225.86000061035156,227.4600067138672,28768100.0,AMZN,
2024-12-16,230.22999572753906,233.0,228.00999450683594,232.92999267578125,37552100.0,AMZN,
2024-12-17,232.38999938964844,232.72999572753906,227.85000610351562,231.14999389648438,35948100.0,AMZN,
2024-12-18,230.77000427246094,231.39999389648438,220.11000061035156,220.52000427246094,43281400.0,AMZN,
2024-12-19,224.91000366210938,226.08999633789062,222.9199981689453,223.2899932861328,39918700.0,AMZN,
2024-12-20,219.83999633789062,226.2100067138672,218.72999572753906,224.9199981689453,88279200.0,AMZN,
2024-12-23,225.00999450683594,226.8800048828125,223.89999389648438,225.05999755859375,28070000.0,AMZN,
2024-12-24,226.94000244140625,229.13999938964844,226.1300048828125,229.0500030517578,15007500.0,AMZN,
2024-12-26,228.5,228.5,226.6699981689453,227.0500030517578,16146700.0,AMZN,
2024-12-27,225.60000610351562,226.02999877929688,220.89999389648438,223.75,27367100.0,AMZN,
2024-12-30,220.05999755859375,223.0,218.42999267578125,221.3000030517578,28321200.0,AMZN,
2024-12-31,222.97000122070312,223.22999572753906,218.94000244140625,219.38999938964844,24819700.0,AMZN,
2025-01-02,222.02999877929688,225.14999389648438,218.19000244140625,220.22000122070312,33956600.0,AMZN,
2025-01-03,222.50999450683594,225.36000061035156,221.6199951171875,224.19000244140625,27515600.0,AMZN,
2025-01-06,226.77999877929688,228.83999633789062,224.83999633789062,227.61000061035156,31849800.0,AMZN,
2025-01-07,227.89999389648438,228.3800048828125,221.4600067138672,222.11000061035156,28084200.0,AMZN,
2025-01-08,223.19000244140625,223.52000427246094,220.1999969482422,222.1300048828125,25033300.0,AMZN,
2025-01-10,221.4600067138672,221.7100067138672,216.5,218.94000244140625,36811500.0,AMZN,
2025-01-13,218.05999755859375,219.39999389648438,216.47000122070312,218.4600067138672,27262700.0,AMZN,
2025-01-14,220.44000244140625,221.82000732421875,216.1999969482422,217.75999450683594,24711700.0,AMZN,
2025-01-15,222.8300018310547,223.57000732421875,220.75,223.35000610351562,31291300.0,AMZN,
2025-01-16,224.4199981689453,224.64999389648438,220.30999755859375,220.66000366210938,24757300.0,AMZN,
2025-01-17,225.83999633789062,226.50999450683594,223.0800018310547,225.94000244140625,42370100.0,AMZN,
2025-01-21,228.89999389648438,231.77999877929688,226.94000244140625,230.7100067138672,39951500.0,AMZN,
2025-01-22,232.02000427246094,235.44000244140625,231.19000244140625,235.00999450683594,41448200.0,AMZN,
2025-01-23,234.10000610351562,235.52000427246094,231.50999450683594,235.4199981689453,26404400.0,AMZN,
2025-01-24,234.5,236.39999389648438,232.92999267578125,234.85000610351562,25890700.0,AMZN,
2025-01-27,226.2100067138672,235.61000061035156,225.86000061035156,235.4199981689453,49428300.0,AMZN,
2025-01-28,234.2899932861328,241.77000427246094,233.97999572753906,238.14999389648438,41587200.0,AMZN,
2025-01-29,239.02000427246094,240.38999938964844,236.14999389648438,237.07000732421875,26091700.0,AMZN,
2025-01-30,237.13999938964844,237.9499969482422,232.22000122070312,234.63999938964844,32020700.0,AMZN,
2025-01-31,236.5,240.2899932861328,236.41000366210938,237.67999267578125,36162400.0,AMZN,
2025-02-03,234.05999755859375,239.25,232.89999389648438,237.4199981689453,37285900.0,AMZN,
2025-02-04,239.00999450683594,242.52000427246094,238.02999877929688,242.05999755859375,29713800.0,AMZN,
2025-02-05,237.02000427246094,238.32000732421875,235.1999969482422,236.1699981689453,38727300.0,AMZN,
2025-02-06,238.00999450683594,239.66000366210938,236.00999450683594,238.8300018310547,60897100.0,AMZN,
2025-02-07,232.5,234.80999755859375,228.05999755859375,229.14999389648438,77539300.0,AMZN,
2025-02-10,230.5500030517578,233.9199981689453,229.1999969482422,233.13999938964844,35419900.0,AMZN,
2025-02-11,231.9199981689453,233.44000244140625,230.1300048828125,232.75999450683594,23713700.0,AMZN,
2025-02-12,230.4600067138672,231.17999267578125,228.16000366210938,228.92999267578125,32285200.0,AMZN,
2025-02-13,228.85000610351562,230.4199981689453,227.52000427246094,230.3699951171875,31346500.0,AMZN,
2025-02-14,229.1999969482422,229.88999938964844,227.22999572753906,228.67999267578125,27031100.0,AMZN,
2025-02-18,228.82000732421875,229.3000030517578,223.72000122070312,226.64999389648438,42975100.0,AMZN,
2025-02-19,225.52000427246094,226.8300018310547,223.7100067138672,226.6300048828125,28566700.0,AMZN,
2025-02-20,224.77999877929688,225.1300048828125,221.80999755859375,222.8800048828125,30001700.0,AMZN,
2025-02-21,223.27999877929688,223.30999755859375,214.74000549316406,216.5800018310547,55323900.0,AMZN,
2025-02-24,217.4499969482422,217.72000122070312,212.4199981689453,212.7100067138672,42387600.0,AMZN,
2025-02-25,211.6300048828125,213.33999633789062,204.16000366210938,212.8000030517578,58958000.0,AMZN,
2025-02-26,214.94000244140625,218.16000366210938,213.08999633789062,214.35000610351562,39120600.0,AMZN,
2025-02-27,218.35000610351562,219.97000122070312,208.3699951171875,208.74000549316406,40548600.0,AMZN,
2025-02-28,208.64999389648438,212.6199951171875,206.99000549316406,212.27999877929688,51771700.0,AMZN,
2025-03-03,213.35000610351562,214.00999450683594,202.5500030517578,205.02000427246094,42948400.0,AMZN,
2025-03-04,200.11000061035156,206.8000030517578,197.42999267578125,203.8000030517578,60853100.0,AMZN,
2025-03-05,204.8000030517578,209.97999572753906,203.25999450683594,208.36000061035156,38610100.0,AMZN,
2025-03-06,204.39999389648438,205.77000427246094,198.3000030517578,200.6999969482422,49863800.0,AMZN,
2025-03-07,199.49000549316406,202.27000427246094,192.52999877929688,199.25,59802800.0,AMZN,
2025-03-10,195.60000610351562,196.72999572753906,190.85000610351562,194.5399932861328,62350900.0,AMZN,
2025-03-11,193.89999389648438,200.17999267578125,193.39999389648438,196.58999633789062,54002900.0,AMZN,
2025-03-12,200.72000122070312,201.52000427246094,195.2899932861328,198.88999938964844,43679300.0,AMZN,
2025-03-13,198.1699981689453,198.8800048828125,191.82000732421875,193.88999938964844,41270800.0,AMZN,
2025-03-14,197.41000366210938,198.64999389648438,195.32000732421875,197.9499969482422,38096700.0,AMZN,
2025-03-17,198.77000427246094,199.0,194.32000732421875,195.74000549316406,47341800.0,AMZN,
2025-03-18,192.52000427246094,194.0,189.3800048828125,192.82000732421875,40414900.0,AMZN,
2025-03-19,193.3800048828125,195.97000122070312,191.9600067138672,195.5399932861328,39442900.0,AMZN,
2025-03-20,193.07000732421875,199.32000732421875,192.3000030517578,194.9499969482422,38921100.0,AMZN,
2025-03-21,192.89999389648438,196.99000549316406,192.52000427246094,196.2100067138672,60056900.0,AMZN,
2025-03-24,200.0,203.63999938964844,199.9499969482422,203.25999450683594,41625400.0,AMZN,
2025-03-25,203.60000610351562,206.2100067138672,203.22000122070312,205.7100067138672,31171200.0,AMZN,
2025-03-26,205.83999633789062,206.00999450683594,199.92999267578125,201.1300048828125,32855300.0,AMZN,
2025-03-27,200.88999938964844,203.7899932861328,199.27999877929688,201.36000061035156,27317700.0,AMZN,
2025-03-28,198.4199981689453,199.25999450683594,191.8800048828125,192.72000122070312,52548200.0,AMZN,
2025-03-31,188.19000244140625,191.3300018310547,184.39999389648438,190.25999450683594,63547600.0,AMZN,
2025-04-01,187.86000061035156,193.92999267578125,187.1999969482422,192.1699981689453,41267300.0,AMZN,
2025-04-02,187.66000366210938,198.33999633789062,187.66000366210938,196.00999450683594,53679200.0,AMZN,
2025-04-03,183.0,184.1300048828125,176.9199981689453,178.41000366210938,95553600.0,AMZN,
2025-04-04,167.14999389648438,178.13999938964844,166.0,171.0,123159400.0,AMZN,
2025-04-07,162.0,183.41000366210938,161.3800048828125,175.25999450683594,109327100.0,AMZN,
2025-04-08,185.22999572753906,185.89999389648438,168.57000732421875,170.66000366210938,87710400.0,AMZN,
2025-04-09,172.1199951171875,192.64999389648438,169.92999267578125,191.10000610351562,116804300.0,AMZN,
2025-04-10,185.44000244140625,186.8699951171875,175.85000610351562,181.22000122070312,68302000.0,AMZN,
2025-04-11,179.92999267578125,185.86000061035156,178.0,184.8699951171875,50594300.0,AMZN,
2025-04-14,186.83999633789062,187.44000244140625,179.22999572753906,182.1199951171875,48002500.0,AMZN,
2025-04-15,181.41000366210938,182.35000610351562,177.92999267578125,179.58999633789062,43642000.0,AMZN,
2025-04-16,176.2899932861328,179.10000610351562,171.41000366210938,174.3300018310547,51875300.0,AMZN,
2025-04-17,176.0,176.2100067138672,172.0,172.61000061035156,44468400.0,AMZN,
2025-04-21,169.60000610351562,169.60000610351562,165.2899932861328,167.32000732421875,48126100.0,AMZN,
2025-04-22,169.85000610351562,176.77999877929688,169.35000610351562,173.17999267578125,56607200.0,AMZN,
2025-04-23,183.4499969482422,187.3800048828125,180.19000244140625,180.60000610351562,63470100.0,AMZN,
2025-04-24,180.9199981689453,186.74000549316406,180.17999267578125,186.5399932861328,43763200.0,AMZN,
2025-04-25,187.6199951171875,189.94000244140625,185.49000549316406,188.99000549316406,36414300.0,AMZN,
2025-04-28,190.11000061035156,190.22000122070312,184.88999938964844,187.6999969482422,33224700.0,AMZN,
2025-04-29,183.99000549316406,188.02000427246094,183.67999267578125,187.38999938964844,41667300.0,AMZN,
2025-04-30,182.1699981689453,185.0500030517578,178.85000610351562,184.4199981689453,55176500.0,AMZN,
2025-05-01,190.6300048828125,191.80999755859375,187.5,190.1999969482422,74266000.0,AMZN,
2025-05-02,191.44000244140625,192.8800048828125,186.39999389648438,189.97999572753906,77903500.0,AMZN,
2025-05-05,186.50999450683594,188.17999267578125,185.52999877929688,186.35000610351562,35217500.0,AMZN,
2025-05-06,184.57000732421875,187.92999267578125,183.85000610351562,185.00999450683594,29314100.0,AMZN,
2025-05-07,185.55999755859375,190.99000549316406,185.00999450683594,188.7100067138672,43948600.0,AMZN,
2025-05-08,191.42999267578125,194.3300018310547,188.82000732421875,192.0800018310547,41043600.0,AMZN,
2025-05-09,193.3800048828125,194.69000244140625,191.16000366210938,193.05999755859375,29663100.0,AMZN,
2025-05-12,210.7100067138672,211.66000366210938,205.75,208.63999938964844,75205000.0,AMZN,
2025-05-13,211.0800018310547,214.83999633789062,210.10000610351562,211.3699951171875,56193700.0,AMZN,
2025-05-14,211.4499969482422,211.92999267578125,208.85000610351562,210.25,38492100.0,AMZN,
2025-05-15,206.4499969482422,206.8800048828125,202.6699981689453,205.1699981689453,64347300.0,AMZN,
2025-05-16,206.85000610351562,206.85000610351562,204.3699951171875,205.58999633789062,43318500.0,AMZN,
2025-05-19,201.64999389648438,206.6199951171875,201.25999450683594,206.16000366210938,34314800.0,AMZN,
2025-05-20,204.6300048828125,205.58999633789062,202.64999389648438,204.07000732421875,29470400.0,AMZN,
2025-05-21,201.61000061035156,203.4600067138672,200.05999755859375,201.1199951171875,42460900.0,AMZN,
2025-05-22,201.3800048828125,205.75999450683594,200.16000366210938,203.10000610351562,38938900.0,AMZN,
2025-05-23,198.89999389648438,202.3699951171875,197.85000610351562,200.99000549316406,33393500.0,AMZN,
2025-05-27,203.08999633789062,206.69000244140625,202.19000244140625,206.02000427246094,34892000.0,AMZN,
2025-05-28,205.9199981689453,207.66000366210938,204.41000366210938,204.72000122070312,28549800.0,AMZN,
2025-05-29,208.02999877929688,208.80999755859375,204.22999572753906,205.6999969482422,34650000.0,AMZN,
2025-05-30,204.83999633789062,205.99000549316406,201.6999969482422,205.00999450683594,51679400.0,AMZN,
2025-06-02,204.97999572753906,207.0,202.67999267578125,206.64999389648438,29113300.0,AMZN,
2025-06-03,207.11000061035156,208.9499969482422,205.02999877929688,205.7100067138672,33139100.0,AMZN,
2025-06-04,206.5500030517578,208.17999267578125,205.17999267578125,207.22999572753906,29915600.0,AMZN,
2025-06-05,209.5500030517578,212.80999755859375,207.55999755859375,207.91000366210938,51864200.0,AMZN,
2025-06-06,212.39999389648438,213.8699951171875,210.5,213.57000732421875,39832500.0,AMZN,
2025-06-09,214.75,217.85000610351562,212.8800048828125,216.97999572753906,38102500.0,AMZN,
2025-06-10,216.77999877929688,217.69000244140625,214.14999389648438,217.61000061035156,31303300.0,AMZN,
2025-06-11,217.41000366210938,218.39999389648438,212.88999938964844,213.1999969482422,39326000.0,AMZN,
2025-06-12,211.77999877929688,213.5800018310547,211.3300018310547,213.24000549316406,27640000.0,AMZN,
2025-06-13,209.9600067138672,214.0500030517578,209.6199951171875,212.10000610351562,29337800.0,AMZN,
2025-06-16,212.30999755859375,217.05999755859375,211.60000610351562,216.10000610351562,33284200.0,AMZN,
2025-06-17,215.19500732421875,217.41000366210938,214.55999755859375,214.82000732421875,32027324.0,AMZN,
